Model,Top Percentage,Total SHAP Features,Ekaterina Total Dimensions,Common Features Count,Overlap %,Common Features,SHAP Only Features,Ekaterina Only Features
flau_base_c,1%,10,13,0,0.0,[],"[2, 5, 24, 26, 31, 45, 57, 102, 113, 140]","[70, 71, 130, 209, 337, 359, 425, 526, 587, 611, 663, 749, 752]"
flau_base_c,5%,51,65,5,4.5,"[26, 28, 70, 223, 261]","[0, 1, 2, 5, 9, 11, 18, 19, 24, 31, 38, 45, 46, 47, 52, 56, 57, 58, 60, 63, 64, 78, 84, 95, 98, 101, 102, 105, 113, 115, 120, 131, 139, 140, 143, 147, 154, 168, 173, 180, 181, 228, 236, 279, 298, 328]","[22, 43, 62, 71, 83, 85, 118, 130, 136, 155, 157, 158, 170, 175, 177, 187, 189, 209, 216, 272, 274, 277, 296, 319, 331, 337, 355, 356, 357, 359, 398, 401, 406, 425, 426, 429, 446, 461, 493, 494, 513, 517, 526, 537, 538, 573, 577, 587, 589, 611, 621, 638, 663, 677, 687, 698, 748, 749, 752, 755]"
flau_base_c,10%,102,128,16,7.48,"[22, 26, 28, 46, 65, 70, 110, 117, 223, 250, 261, 296, 363, 386, 426, 460]","[0, 1, 2, 5, 7, 9, 11, 12, 18, 19, 20, 24, 27, 31, 38, 45, 47, 52, 56, 57, 58, 60, 63, 64, 67, 77, 78, 84, 88, 89, 90, 95, 98, 101, 102, 105, 108, 112, 113, 115, 120, 123, 124, 125, 131, 139, 140, 143, 144, 147, 154, 159, 162, 168, 173, 180, 181, 186, 193, 195, 197, 204, 215, 228, 236, 245, 254, 255, 275, 279, 290, 297, 298, 310, 320, 328, 333, 335, 336, 367, 392, 396, 412, 455, 471, 498]","[10, 17, 41, 43, 51, 54, 62, 71, 80, 83, 85, 118, 130, 132, 136, 141, 155, 157, 158, 161, 170, 172, 175, 177, 179, 187, 189, 190, 196, 209, 212, 216, 224, 272, 274, 277, 283, 289, 291, 300, 301, 313, 319, 325, 331, 334, 337, 340, 341, 355, 356, 357, 359, 372, 379, 382, 385, 395, 398, 399, 401, 406, 425, 429, 434, 435, 442, 446, 459, 461, 470, 484, 493, 494, 500, 513, 517, 526, 529, 537, 538, 544, 554, 563, 570, 573, 577, 580, 587, 589, 597, 611, 621, 623, 625, 637, 638, 642, 656, 663, 664, 666, 677, 687, 693, 698, 725, 737, 748, 749, 752, 755]"
flau_base_c,25%,256,295,96,21.1,"[0, 3, 7, 13, 22, 26, 28, 33, 36, 38, 46, 64, 65, 70, 73, 80, 84, 85, 94, 96, 97, 107, 110, 113, 117, 122, 125, 130, 136, 141, 144, 145, 155, 158, 160, 166, 168, 175, 179, 181, 184, 190, 191, 196, 212, 215, 223, 225, 229, 236, 250, 255, 261, 267, 277, 283, 289, 295, 296, 297, 304, 325, 331, 333, 341, 349, 353, 355, 356, 362, 363, 373, 377, 379, 386, 388, 391, 392, 410, 413, 425, 426, 437, 438, 454, 457, 460, 461, 467, 484, 494, 506, 510, 534, 593, 607]","[1, 2, 5, 9, 11, 12, 14, 15, 18, 19, 20, 21, 24, 27, 29, 31, 34, 35, 37, 39, 44, 45, 47, 48, 52, 55, 56, 57, 58, 59, 60, 63, 67, 68, 72, 74, 75, 76, 77, 78, 79, 86, 87, 88, 89, 90, 95, 98, 101, 102, 104, 105, 106, 108, 111, 112, 115, 119, 120, 123, 124, 126, 131, 133, 134, 137, 139, 140, 143, 147, 148, 149, 150, 151, 152, 153, 154, 159, 162, 167, 173, 180, 186, 193, 194, 195, 197, 198, 200, 204, 207, 211, 221, 226, 228, 232, 233, 234, 239, 240, 245, 253, 254, 258, 266, 269, 270, 275, 279, 285, 287, 290, 298, 303, 310, 311, 315, 318, 320, 322, 323, 328, 335, 336, 351, 354, 364, 367, 378, 381, 390, 393, 394, 396, 407, 412, 420, 423, 430, 445, 455, 458, 468, 471, 473, 480, 485, 489, 498, 512, 528, 530, 552, 553, 560, 584, 588, 622, 654, 675]","[8, 10, 16, 17, 30, 41, 43, 50, 51, 53, 54, 62, 71, 83, 91, 114, 118, 132, 135, 142, 157, 161, 163, 164, 170, 172, 177, 185, 187, 188, 189, 201, 205, 209, 214, 216, 218, 224, 230, 238, 241, 246, 247, 249, 262, 264, 271, 272, 274, 291, 300, 301, 302, 308, 312, 313, 319, 334, 337, 340, 345, 346, 357, 358, 359, 369, 370, 371, 372, 382, 385, 387, 395, 398, 399, 401, 406, 408, 417, 421, 429, 434, 435, 442, 446, 448, 456, 459, 464, 466, 470, 474, 477, 481, 483, 486, 487, 491, 493, 496, 499, 500, 501, 503, 507, 509, 513, 517, 519, 523, 526, 529, 531, 532, 535, 536, 537, 538, 541, 543, 544, 546, 554, 556, 557, 563, 569, 570, 573, 574, 577, 580, 583, 586, 587, 589, 592, 594, 597, 599, 604, 606, 608, 610, 611, 613, 620, 621, 623, 625, 632, 637, 638, 642, 643, 652, 655, 656, 661, 662, 663, 664, 666, 677, 678, 683, 686, 687, 690, 691, 693, 695, 696, 698, 701, 702, 708, 711, 719, 725, 728, 730, 736, 737, 738, 741, 743, 744, 746, 747, 748, 749, 752, 753, 755, 756, 760, 763, 765]"
flau_base_c,50%,512,527,344,49.5,"[0, 1, 3, 5, 7, 11, 12, 13, 15, 16, 22, 24, 26, 27, 28, 29, 30, 33, 34, 35, 36, 38, 40, 42, 43, 45, 46, 51, 54, 55, 56, 57, 58, 59, 62, 63, 64, 65, 67, 68, 70, 71, 73, 74, 75, 77, 80, 82, 84, 85, 90, 94, 95, 96, 97, 98, 102, 104, 105, 106, 107, 108, 110, 113, 115, 117, 120, 122, 125, 127, 130, 132, 134, 135, 136, 137, 140, 141, 142, 143, 144, 145, 147, 149, 151, 154, 155, 157, 158, 160, 163, 164, 165, 166, 167, 168, 170, 173, 175, 176, 179, 181, 183, 184, 185, 188, 189, 190, 191, 192, 195, 196, 198, 202, 206, 207, 211, 212, 214, 215, 217, 220, 223, 224, 225, 229, 230, 231, 232, 236, 238, 240, 241, 244, 245, 246, 247, 249, 250, 254, 255, 257, 258, 261, 262, 263, 266, 267, 268, 269, 273, 274, 277, 279, 281, 282, 283, 285, 288, 289, 290, 294, 295, 296, 297, 298, 300, 303, 304, 306, 308, 309, 310, 317, 320, 322, 323, 325, 328, 329, 331, 333, 335, 336, 337, 340, 341, 342, 346, 349, 350, 353, 355, 356, 357, 359, 362, 363, 364, 365, 367, 368, 372, 373, 375, 377, 378, 379, 381, 384, 385, 386, 387, 388, 389, 391, 392, 393, 395, 398, 399, 401, 406, 410, 412, 413, 417, 418, 419, 420, 421, 425, 426, 428, 429, 430, 432, 434, 436, 437, 438, 445, 449, 452, 454, 457, 458, 459, 460, 461, 462, 467, 470, 471, 472, 475, 477, 478, 481, 483, 484, 491, 494, 495, 497, 498, 499, 501, 503, 506, 508, 510, 512, 516, 519, 526, 527, 528, 534, 538, 541, 543, 544, 548, 549, 552, 554, 560, 564, 571, 573, 580, 583, 587, 589, 592, 593, 597, 600, 601, 604, 605, 607, 608, 613, 616, 617, 619, 620, 623, 625, 628, 631, 636, 643, 645, 653, 654, 663, 672, 676, 681, 683, 687, 689, 690, 693, 695, 699, 700, 705, 714, 716, 718, 719, 722, 733, 742, 744, 748, 749, 755, 756, 764]","[2, 4, 9, 14, 18, 19, 20, 21, 31, 32, 37, 39, 44, 47, 48, 52, 60, 72, 76, 78, 79, 81, 86, 87, 88, 89, 99, 100, 101, 111, 112, 119, 121, 123, 124, 126, 131, 133, 139, 146, 148, 150, 152, 153, 156, 159, 162, 169, 174, 180, 186, 193, 194, 197, 199, 200, 203, 204, 208, 221, 226, 227, 228, 233, 234, 235, 237, 239, 242, 243, 251, 252, 253, 256, 270, 275, 278, 284, 287, 292, 293, 307, 311, 314, 315, 316, 318, 321, 326, 327, 330, 351, 354, 360, 374, 390, 394, 396, 400, 404, 405, 407, 414, 416, 423, 424, 431, 439, 440, 441, 443, 450, 455, 468, 469, 473, 480, 485, 488, 489, 504, 505, 520, 530, 553, 559, 562, 567, 572, 575, 576, 581, 582, 584, 588, 591, 603, 609, 622, 626, 627, 630, 633, 641, 646, 651, 659, 668, 675, 679, 680, 703, 707, 709, 713, 735, 754, 758, 772, 779, 783, 800, 811, 826, 841, 849, 853, 854]","[8, 10, 17, 25, 41, 50, 53, 66, 83, 91, 92, 93, 109, 114, 118, 128, 138, 161, 172, 177, 178, 187, 201, 205, 209, 210, 213, 216, 218, 219, 222, 248, 260, 264, 265, 271, 272, 276, 286, 291, 301, 302, 305, 312, 313, 319, 334, 339, 343, 344, 345, 358, 369, 370, 371, 380, 382, 402, 408, 409, 415, 427, 433, 435, 442, 446, 448, 451, 456, 464, 466, 474, 476, 479, 482, 486, 487, 490, 493, 496, 500, 502, 507, 509, 513, 515, 517, 521, 523, 524, 529, 531, 532, 535, 536, 537, 540, 542, 545, 546, 547, 550, 556, 557, 558, 563, 565, 568, 569, 570, 574, 577, 586, 594, 599, 602, 606, 610, 611, 614, 615, 618, 621, 629, 632, 635, 637, 638, 640, 642, 648, 649, 652, 655, 656, 660, 661, 662, 664, 666, 669, 673, 674, 677, 678, 682, 685, 686, 688, 691, 696, 697, 698, 701, 702, 704, 706, 708, 710, 711, 715, 723, 724, 725, 728, 730, 731, 734, 736, 737, 738, 739, 741, 743, 746, 747, 752, 753, 757, 759, 760, 763, 765]"
flau_base_c,75%,768,738,666,79.29,"[0, 1, 2, 3, 4, 5, 7, 9, 10, 11, 12, 13, 15, 16, 17, 18, 19, 21, 22, 24, 26, 27, 28, 29, 30, 31, 32, 33, 34, 35, 36, 37, 38, 39, 40, 41, 42, 43, 44, 45, 46, 48, 51, 52, 53, 54, 55, 56, 57, 58, 59, 60, 61, 62, 63, 64, 65, 67, 68, 69, 70, 71, 72, 73, 74, 75, 76, 77, 78, 79, 80, 81, 82, 83, 84, 85, 86, 87, 88, 89, 90, 91, 92, 93, 94, 95, 96, 97, 98, 100, 101, 102, 104, 105, 106, 107, 108, 109, 110, 111, 112, 113, 115, 117, 120, 121, 122, 123, 124, 125, 126, 127, 128, 129, 130, 131, 132, 133, 134, 135, 136, 137, 139, 140, 141, 142, 143, 144, 145, 147, 148, 149, 150, 151, 152, 153, 154, 155, 156, 157, 158, 159, 160, 161, 162, 163, 164, 165, 166, 167, 168, 169, 170, 171, 173, 174, 175, 176, 177, 178, 179, 180, 181, 182, 183, 184, 185, 186, 188, 189, 190, 191, 192, 193, 194, 195, 196, 197, 198, 199, 200, 201, 202, 203, 204, 206, 207, 208, 209, 210, 211, 212, 213, 214, 215, 217, 218, 220, 221, 222, 223, 224, 225, 226, 228, 229, 230, 231, 232, 233, 235, 236, 237, 238, 240, 241, 242, 243, 244, 245, 246, 247, 249, 250, 251, 252, 253, 254, 255, 256, 257, 258, 259, 260, 261, 262, 263, 264, 265, 266, 267, 268, 269, 270, 271, 272, 273, 274, 277, 279, 280, 281, 282, 283, 284, 285, 286, 287, 288, 289, 290, 291, 293, 294, 295, 296, 297, 298, 299, 300, 301, 302, 303, 304, 305, 306, 308, 309, 310, 311, 313, 314, 315, 316, 317, 318, 319, 320, 321, 322, 323, 325, 326, 327, 328, 329, 330, 331, 332, 333, 335, 336, 337, 338, 339, 340, 341, 342, 343, 344, 346, 347, 349, 350, 351, 353, 354, 355, 356, 357, 359, 360, 361, 362, 363, 364, 365, 367, 368, 369, 370, 371, 372, 373, 374, 375, 376, 377, 378, 379, 381, 382, 384, 385, 386, 387, 388, 389, 390, 391, 392, 393, 395, 396, 398, 399, 400, 401, 404, 405, 406, 407, 409, 410, 412, 413, 415, 416, 417, 418, 419, 420, 421, 422, 423, 424, 425, 426, 427, 428, 429, 430, 431, 432, 433, 434, 436, 437, 438, 439, 440, 441, 443, 444, 445, 446, 447, 449, 450, 451, 452, 453, 454, 455, 456, 457, 458, 459, 460, 461, 462, 463, 464, 465, 466, 467, 468, 469, 470, 471, 472, 473, 474, 475, 476, 477, 478, 480, 481, 482, 483, 484, 485, 486, 487, 488, 489, 490, 491, 492, 493, 494, 495, 496, 497, 498, 499, 500, 501, 502, 503, 504, 505, 506, 508, 510, 512, 513, 516, 517, 518, 519, 520, 521, 523, 524, 525, 526, 527, 528, 529, 530, 531, 533, 534, 535, 537, 538, 540, 541, 542, 543, 544, 545, 546, 548, 549, 550, 551, 552, 553, 554, 557, 558, 559, 560, 561, 562, 563, 564, 567, 568, 570, 571, 572, 573, 576, 577, 578, 579, 580, 581, 582, 583, 584, 585, 586, 587, 588, 589, 591, 592, 593, 594, 595, 597, 599, 600, 601, 602, 603, 604, 605, 606, 607, 608, 609, 610, 611, 613, 614, 615, 616, 617, 618, 619, 620, 622, 623, 624, 625, 626, 627, 628, 629, 630, 631, 632, 633, 634, 636, 637, 638, 639, 640, 642, 643, 644, 645, 646, 647, 648, 649, 651, 652, 653, 654, 655, 658, 659, 660, 661, 662, 663, 666, 668, 669, 672, 673, 674, 675, 676, 677, 678, 679, 680, 681, 682, 683, 684, 685, 686, 687, 689, 690, 691, 692, 693, 694, 695, 696, 699, 700, 701, 702, 703, 705, 706, 707, 708, 709, 710, 711, 712, 713, 714, 715, 716, 717, 718, 719, 720, 722, 723, 730, 731, 733, 734, 735, 736, 737, 738, 739, 741, 742, 743, 744, 745, 746, 747, 748, 749, 751, 752, 753, 754, 755, 756, 757, 758, 759, 760, 761, 762, 764, 765]","[14, 20, 23, 47, 99, 119, 146, 227, 234, 239, 275, 278, 292, 307, 324, 394, 414, 511, 555, 575, 641, 657, 665, 770, 771, 772, 773, 774, 777, 778, 779, 780, 783, 784, 786, 787, 788, 789, 790, 791, 792, 793, 794, 795, 797, 798, 800, 802, 803, 805, 807, 808, 809, 810, 811, 812, 813, 814, 815, 817, 818, 822, 823, 826, 828, 829, 830, 832, 833, 834, 835, 837, 838, 839, 841, 842, 844, 845, 846, 849, 850, 851, 853, 854, 859, 860, 861, 863, 864, 866, 867, 868, 869, 870, 872, 875, 880, 886, 887, 888, 896, 897]","[6, 8, 25, 49, 50, 66, 103, 114, 116, 118, 138, 172, 187, 205, 216, 219, 248, 276, 312, 334, 345, 348, 352, 358, 366, 380, 383, 397, 402, 403, 408, 435, 442, 448, 479, 507, 509, 514, 515, 532, 536, 539, 547, 556, 565, 566, 569, 574, 590, 596, 612, 621, 635, 650, 656, 664, 667, 671, 688, 697, 698, 704, 721, 724, 725, 726, 727, 728, 729, 732, 763, 766]"
flau_base_c,1%,10,13,0,0.0,[],"[0, 3, 14, 17, 32, 69, 79, 83, 93, 170]","[70, 71, 130, 209, 337, 359, 425, 526, 587, 611, 663, 749, 752]"
flau_base_c,5%,51,65,5,4.5,"[22, 43, 83, 170, 189]","[0, 1, 3, 4, 9, 10, 11, 12, 13, 14, 16, 17, 20, 21, 32, 36, 37, 56, 68, 69, 72, 79, 81, 82, 91, 92, 93, 97, 106, 109, 121, 129, 142, 153, 164, 192, 203, 210, 218, 257, 259, 260, 286, 291, 302, 427]","[26, 28, 62, 70, 71, 85, 118, 130, 136, 155, 157, 158, 175, 177, 187, 209, 216, 223, 261, 272, 274, 277, 296, 319, 331, 337, 355, 356, 357, 359, 398, 401, 406, 425, 426, 429, 446, 461, 493, 494, 513, 517, 526, 537, 538, 573, 577, 587, 589, 611, 621, 638, 663, 677, 687, 698, 748, 749, 752, 755]"
flau_base_c,10%,102,128,17,7.98,"[10, 17, 22, 26, 43, 62, 80, 83, 170, 189, 209, 212, 224, 272, 291, 340, 406]","[0, 1, 3, 4, 9, 11, 12, 13, 14, 15, 16, 20, 21, 23, 27, 29, 32, 33, 35, 36, 37, 40, 42, 44, 47, 56, 60, 68, 69, 72, 76, 79, 81, 82, 91, 92, 93, 96, 97, 98, 100, 106, 109, 111, 112, 121, 127, 129, 142, 153, 160, 164, 171, 178, 184, 188, 191, 192, 201, 203, 207, 208, 210, 218, 220, 222, 241, 243, 257, 259, 260, 280, 286, 294, 302, 306, 324, 327, 370, 371, 427, 439, 463, 465, 524]","[28, 41, 46, 51, 54, 65, 70, 71, 85, 110, 117, 118, 130, 132, 136, 141, 155, 157, 158, 161, 172, 175, 177, 179, 187, 190, 196, 216, 223, 250, 261, 274, 277, 283, 289, 296, 300, 301, 313, 319, 325, 331, 334, 337, 341, 355, 356, 357, 359, 363, 372, 379, 382, 385, 386, 395, 398, 399, 401, 425, 426, 429, 434, 435, 442, 446, 459, 460, 461, 470, 484, 493, 494, 500, 513, 517, 526, 529, 537, 538, 544, 554, 563, 570, 573, 577, 580, 587, 589, 597, 611, 621, 623, 625, 637, 638, 642, 656, 663, 664, 666, 677, 687, 693, 698, 725, 737, 748, 749, 752, 755]"
flau_base_c,25%,256,295,93,20.31,"[0, 3, 10, 13, 16, 17, 22, 26, 28, 30, 33, 36, 38, 41, 43, 53, 62, 64, 65, 71, 80, 83, 91, 94, 96, 97, 110, 122, 130, 132, 136, 142, 145, 160, 164, 166, 170, 175, 177, 179, 184, 185, 188, 189, 191, 196, 201, 209, 212, 215, 218, 224, 229, 238, 241, 247, 262, 267, 271, 272, 289, 291, 302, 304, 331, 337, 340, 346, 359, 369, 370, 371, 382, 385, 387, 401, 406, 434, 446, 464, 470, 486, 487, 499, 500, 517, 519, 529, 557, 599, 606, 620, 661]","[1, 2, 4, 9, 11, 12, 14, 15, 19, 20, 21, 23, 27, 29, 31, 32, 34, 35, 37, 39, 40, 42, 44, 47, 48, 55, 56, 58, 60, 63, 68, 69, 72, 75, 76, 79, 81, 82, 86, 89, 90, 92, 93, 98, 100, 101, 104, 106, 108, 109, 111, 112, 121, 127, 128, 129, 131, 134, 137, 146, 149, 151, 152, 153, 162, 165, 167, 169, 171, 176, 178, 182, 183, 192, 194, 199, 200, 203, 207, 208, 210, 220, 222, 226, 231, 233, 234, 235, 243, 244, 251, 252, 253, 257, 259, 260, 268, 270, 273, 278, 280, 281, 282, 284, 285, 286, 292, 294, 306, 309, 314, 315, 316, 317, 324, 326, 327, 338, 339, 342, 344, 350, 361, 365, 374, 378, 389, 404, 416, 418, 424, 427, 432, 436, 439, 444, 447, 449, 463, 465, 469, 472, 478, 495, 502, 505, 511, 518, 524, 527, 533, 550, 551, 555, 562, 602, 640, 710, 712, 723, 745, 788, 789]","[7, 8, 46, 50, 51, 54, 70, 73, 84, 85, 107, 113, 114, 117, 118, 125, 135, 141, 144, 155, 157, 158, 161, 163, 168, 172, 181, 187, 190, 205, 214, 216, 223, 225, 230, 236, 246, 249, 250, 255, 261, 264, 274, 277, 283, 295, 296, 297, 300, 301, 308, 312, 313, 319, 325, 333, 334, 341, 345, 349, 353, 355, 356, 357, 358, 362, 363, 372, 373, 377, 379, 386, 388, 391, 392, 395, 398, 399, 408, 410, 413, 417, 421, 425, 426, 429, 435, 437, 438, 442, 448, 454, 456, 457, 459, 460, 461, 466, 467, 474, 477, 481, 483, 484, 491, 493, 494, 496, 501, 503, 506, 507, 509, 510, 513, 523, 526, 531, 532, 534, 535, 536, 537, 538, 541, 543, 544, 546, 554, 556, 563, 569, 570, 573, 574, 577, 580, 583, 586, 587, 589, 592, 593, 594, 597, 604, 607, 608, 610, 611, 613, 621, 623, 625, 632, 637, 638, 642, 643, 652, 655, 656, 662, 663, 664, 666, 677, 678, 683, 686, 687, 690, 691, 693, 695, 696, 698, 701, 702, 708, 711, 719, 725, 728, 730, 736, 737, 738, 741, 743, 744, 746, 747, 748, 749, 752, 753, 755, 756, 760, 763, 765]"
flau_base_c,50%,512,527,334,47.38,"[0, 1, 3, 10, 11, 12, 13, 15, 16, 17, 22, 24, 26, 27, 28, 29, 30, 33, 34, 35, 36, 38, 40, 41, 42, 43, 45, 51, 53, 54, 55, 56, 58, 59, 62, 63, 64, 65, 67, 68, 71, 73, 74, 75, 80, 82, 83, 84, 85, 90, 91, 92, 93, 94, 96, 97, 98, 104, 105, 106, 108, 109, 110, 113, 115, 120, 122, 127, 128, 130, 132, 134, 135, 136, 137, 141, 142, 143, 144, 145, 147, 149, 151, 155, 157, 158, 160, 161, 163, 164, 165, 166, 167, 168, 170, 175, 176, 177, 178, 179, 181, 183, 184, 185, 188, 189, 191, 192, 196, 198, 201, 202, 206, 207, 209, 210, 211, 212, 213, 214, 215, 217, 218, 220, 222, 224, 225, 229, 231, 232, 238, 240, 241, 244, 246, 247, 249, 250, 255, 257, 258, 260, 262, 264, 265, 266, 267, 268, 269, 271, 272, 273, 274, 277, 281, 282, 285, 286, 288, 289, 290, 291, 294, 295, 296, 297, 298, 300, 301, 302, 303, 304, 305, 306, 308, 309, 317, 322, 331, 335, 337, 339, 340, 342, 343, 344, 346, 349, 350, 356, 357, 359, 364, 365, 368, 369, 370, 371, 372, 373, 377, 378, 379, 381, 382, 384, 385, 387, 389, 393, 401, 406, 410, 415, 417, 418, 419, 420, 421, 425, 427, 429, 430, 432, 433, 434, 436, 437, 438, 446, 449, 456, 459, 462, 464, 466, 470, 472, 475, 476, 477, 478, 481, 482, 486, 487, 490, 491, 495, 499, 500, 502, 503, 513, 516, 517, 519, 523, 524, 526, 527, 529, 531, 535, 537, 540, 541, 542, 543, 544, 546, 548, 549, 550, 557, 560, 563, 570, 580, 587, 592, 594, 597, 599, 601, 602, 606, 608, 614, 616, 617, 618, 619, 620, 625, 628, 629, 637, 640, 643, 645, 648, 649, 652, 655, 660, 661, 663, 669, 672, 674, 676, 678, 682, 686, 689, 696, 700, 706, 708, 710, 711, 715, 722, 723, 730, 731, 733, 734, 737, 742, 743, 747, 756]","[2, 4, 9, 14, 18, 19, 20, 21, 23, 31, 32, 37, 39, 44, 47, 48, 52, 60, 69, 72, 76, 78, 79, 81, 86, 88, 89, 99, 100, 101, 111, 112, 121, 123, 124, 126, 129, 131, 139, 146, 150, 152, 153, 159, 162, 169, 171, 174, 182, 194, 199, 200, 203, 208, 221, 226, 233, 234, 235, 242, 243, 251, 252, 253, 259, 270, 275, 278, 280, 284, 292, 293, 311, 314, 315, 316, 318, 324, 326, 327, 330, 332, 338, 347, 354, 360, 361, 374, 376, 390, 396, 400, 404, 405, 407, 414, 416, 423, 424, 439, 441, 443, 444, 447, 450, 453, 463, 465, 468, 469, 480, 489, 492, 504, 505, 511, 518, 520, 525, 530, 533, 551, 555, 559, 562, 572, 581, 585, 591, 595, 603, 609, 630, 639, 657, 658, 665, 668, 675, 692, 709, 712, 717, 735, 745, 751, 758, 761, 762, 770, 773, 777, 778, 780, 788, 789, 790, 791, 792, 793, 795, 798, 800, 802, 807, 809, 810, 813, 815, 818, 822, 830, 833, 838, 839, 842, 850, 861]","[5, 7, 8, 25, 46, 50, 57, 66, 70, 77, 95, 102, 107, 114, 117, 118, 125, 138, 140, 154, 172, 173, 187, 190, 195, 205, 216, 219, 223, 230, 236, 245, 248, 254, 261, 263, 276, 279, 283, 310, 312, 313, 319, 320, 323, 325, 328, 329, 333, 334, 336, 341, 345, 353, 355, 358, 362, 363, 367, 375, 380, 386, 388, 391, 392, 395, 398, 399, 402, 408, 409, 412, 413, 426, 428, 435, 442, 445, 448, 451, 452, 454, 457, 458, 460, 461, 467, 471, 474, 479, 483, 484, 493, 494, 496, 497, 498, 501, 506, 507, 508, 509, 510, 512, 515, 521, 528, 532, 534, 536, 538, 545, 547, 552, 554, 556, 558, 564, 565, 568, 569, 571, 573, 574, 577, 583, 586, 589, 593, 600, 604, 605, 607, 610, 611, 613, 615, 621, 623, 631, 632, 635, 636, 638, 642, 653, 654, 656, 662, 664, 666, 673, 677, 681, 683, 685, 687, 688, 690, 691, 693, 695, 697, 698, 699, 701, 702, 704, 705, 714, 716, 718, 719, 724, 725, 728, 736, 738, 739, 741, 744, 746, 748, 749, 752, 753, 755, 757, 759, 760, 763, 764, 765]"
flau_base_c,75%,768,738,666,79.29,"[0, 1, 2, 3, 4, 5, 7, 9, 10, 11, 12, 13, 15, 16, 17, 18, 19, 21, 22, 24, 26, 27, 28, 29, 30, 31, 32, 33, 34, 35, 36, 37, 38, 39, 40, 41, 42, 43, 44, 45, 46, 48, 51, 52, 53, 54, 55, 56, 57, 58, 59, 60, 61, 62, 63, 64, 65, 67, 68, 69, 70, 71, 72, 73, 74, 75, 76, 77, 78, 79, 80, 81, 82, 83, 84, 85, 86, 87, 88, 89, 90, 91, 92, 93, 94, 95, 96, 97, 98, 100, 101, 102, 104, 105, 106, 107, 108, 109, 110, 111, 112, 113, 115, 117, 120, 121, 122, 123, 124, 125, 126, 127, 128, 129, 130, 131, 132, 133, 134, 135, 136, 137, 139, 140, 141, 142, 143, 144, 145, 147, 148, 149, 150, 151, 152, 153, 154, 155, 156, 157, 158, 159, 160, 161, 162, 163, 164, 165, 166, 167, 168, 169, 170, 171, 173, 174, 175, 176, 177, 178, 179, 180, 181, 182, 183, 184, 185, 186, 188, 189, 190, 191, 192, 193, 194, 195, 196, 197, 198, 199, 200, 201, 202, 203, 204, 206, 207, 208, 209, 210, 211, 212, 213, 214, 215, 217, 218, 220, 221, 222, 223, 224, 225, 226, 228, 229, 230, 231, 232, 233, 235, 236, 237, 238, 240, 241, 242, 243, 244, 245, 246, 247, 249, 250, 251, 252, 253, 254, 255, 256, 257, 258, 259, 260, 261, 262, 263, 264, 265, 266, 267, 268, 269, 270, 271, 272, 273, 274, 277, 279, 280, 281, 282, 283, 284, 285, 286, 287, 288, 289, 290, 291, 293, 294, 295, 296, 297, 298, 299, 300, 301, 302, 303, 304, 305, 306, 308, 309, 310, 311, 313, 314, 315, 316, 317, 318, 319, 320, 321, 322, 323, 325, 326, 327, 328, 329, 330, 331, 332, 333, 335, 336, 337, 338, 339, 340, 341, 342, 343, 344, 346, 347, 349, 350, 351, 353, 354, 355, 356, 357, 359, 360, 361, 362, 363, 364, 365, 367, 368, 369, 370, 371, 372, 373, 374, 375, 376, 377, 378, 379, 381, 382, 384, 385, 386, 387, 388, 389, 390, 391, 392, 393, 395, 396, 398, 399, 400, 401, 404, 405, 406, 407, 409, 410, 412, 413, 415, 416, 417, 418, 419, 420, 421, 422, 423, 424, 425, 426, 427, 428, 429, 430, 431, 432, 433, 434, 436, 437, 438, 439, 440, 441, 443, 444, 445, 446, 447, 449, 450, 451, 452, 453, 454, 455, 456, 457, 458, 459, 460, 461, 462, 463, 464, 465, 466, 467, 468, 469, 470, 471, 472, 473, 474, 475, 476, 477, 478, 480, 481, 482, 483, 484, 485, 486, 487, 488, 489, 490, 491, 492, 493, 494, 495, 496, 497, 498, 499, 500, 501, 502, 503, 504, 505, 506, 508, 510, 512, 513, 516, 517, 518, 519, 520, 521, 523, 524, 525, 526, 527, 528, 529, 530, 531, 533, 534, 535, 537, 538, 540, 541, 542, 543, 544, 545, 546, 548, 549, 550, 551, 552, 553, 554, 557, 558, 559, 560, 561, 562, 563, 564, 567, 568, 570, 571, 572, 573, 576, 577, 578, 579, 580, 581, 582, 583, 584, 585, 586, 587, 588, 589, 591, 592, 593, 594, 595, 597, 599, 600, 601, 602, 603, 604, 605, 606, 607, 608, 609, 610, 611, 613, 614, 615, 616, 617, 618, 619, 620, 622, 623, 624, 625, 626, 627, 628, 629, 630, 631, 632, 633, 634, 636, 637, 638, 639, 640, 642, 643, 644, 645, 646, 647, 648, 649, 651, 652, 653, 654, 655, 658, 659, 660, 661, 662, 663, 666, 668, 669, 672, 673, 674, 675, 676, 677, 678, 679, 680, 681, 682, 683, 684, 685, 686, 687, 689, 690, 691, 692, 693, 694, 695, 696, 699, 700, 701, 702, 703, 705, 706, 707, 708, 709, 710, 711, 712, 713, 714, 715, 716, 717, 718, 719, 720, 722, 723, 730, 731, 733, 734, 735, 736, 737, 738, 739, 741, 742, 743, 744, 745, 746, 747, 748, 749, 751, 752, 753, 754, 755, 756, 757, 758, 759, 760, 761, 762, 764, 765]","[14, 20, 23, 47, 99, 119, 146, 227, 234, 239, 275, 278, 292, 307, 324, 394, 414, 511, 555, 575, 641, 657, 665, 770, 771, 772, 773, 774, 777, 778, 779, 780, 783, 784, 786, 787, 788, 789, 790, 791, 792, 793, 794, 795, 797, 798, 800, 802, 803, 805, 807, 808, 809, 810, 811, 812, 813, 814, 815, 817, 818, 822, 823, 826, 828, 829, 830, 832, 833, 834, 835, 837, 838, 839, 841, 842, 844, 845, 846, 849, 850, 851, 853, 854, 859, 860, 861, 863, 864, 866, 867, 868, 869, 870, 872, 875, 880, 886, 887, 888, 896, 897]","[6, 8, 25, 49, 50, 66, 103, 114, 116, 118, 138, 172, 187, 205, 216, 219, 248, 276, 312, 334, 345, 348, 352, 358, 366, 380, 383, 397, 402, 403, 408, 435, 442, 448, 479, 507, 509, 514, 515, 532, 536, 539, 547, 556, 565, 566, 569, 574, 590, 596, 612, 621, 635, 650, 656, 664, 667, 671, 688, 697, 698, 704, 721, 724, 725, 726, 727, 728, 729, 732, 763, 766]"
flau_large_c,1%,10,13,0,0.0,[],"[6, 7, 8, 21, 25, 49, 50, 119, 249, 422]","[15, 136, 182, 274, 342, 552, 575, 760, 795, 862, 972, 1016, 1022]"
flau_large_c,5%,51,77,4,3.23,"[39, 118, 205, 299]","[4, 6, 7, 8, 14, 17, 21, 25, 34, 49, 50, 51, 66, 100, 103, 114, 116, 119, 138, 141, 144, 172, 187, 216, 219, 235, 237, 248, 249, 276, 283, 287, 317, 319, 415, 421, 422, 444, 496, 526, 540, 545, 558, 611, 615, 644, 666]","[15, 24, 33, 56, 64, 88, 108, 136, 148, 165, 182, 193, 203, 207, 227, 243, 272, 274, 277, 290, 292, 311, 324, 341, 342, 343, 346, 351, 367, 368, 430, 518, 552, 575, 584, 639, 647, 650, 662, 683, 701, 707, 708, 714, 721, 725, 743, 749, 759, 760, 771, 788, 795, 800, 802, 806, 816, 843, 862, 871, 882, 886, 888, 907, 916, 922, 927, 947, 972, 996, 1016, 1022, 1023]"
flau_large_c,10%,102,144,6,2.5,"[39, 118, 182, 205, 235, 299]","[1, 4, 6, 7, 8, 14, 17, 21, 25, 34, 47, 49, 50, 51, 53, 66, 100, 103, 107, 114, 116, 119, 121, 125, 138, 141, 142, 144, 145, 158, 172, 177, 187, 198, 200, 201, 216, 219, 237, 240, 248, 249, 252, 265, 276, 278, 283, 287, 307, 312, 317, 319, 334, 345, 348, 352, 358, 366, 380, 383, 388, 397, 398, 402, 403, 408, 411, 415, 421, 422, 435, 442, 444, 453, 488, 496, 502, 525, 526, 529, 538, 540, 545, 558, 583, 594, 611, 615, 624, 629, 644, 653, 666, 669, 678, 691]","[12, 13, 15, 24, 33, 56, 61, 64, 68, 75, 80, 88, 106, 108, 131, 136, 148, 153, 165, 166, 169, 171, 180, 193, 194, 197, 203, 207, 211, 215, 224, 227, 241, 242, 243, 251, 255, 259, 268, 272, 274, 277, 284, 290, 291, 292, 311, 320, 324, 335, 341, 342, 343, 346, 351, 367, 368, 378, 390, 412, 430, 451, 467, 480, 507, 511, 518, 524, 539, 552, 575, 577, 584, 617, 621, 633, 635, 639, 647, 650, 655, 662, 680, 683, 690, 701, 707, 708, 714, 721, 725, 736, 743, 749, 759, 760, 771, 774, 775, 781, 788, 793, 795, 796, 800, 802, 806, 816, 839, 841, 843, 844, 862, 868, 871, 882, 886, 888, 890, 907, 909, 916, 917, 922, 927, 940, 947, 970, 972, 983, 996, 998, 1007, 1010, 1016, 1018, 1022, 1023]"
flau_large_c,25%,256,335,75,14.53,"[6, 13, 34, 39, 61, 66, 67, 75, 108, 118, 132, 141, 158, 172, 177, 178, 182, 197, 199, 205, 211, 215, 225, 227, 235, 242, 248, 249, 250, 256, 265, 273, 274, 283, 284, 299, 308, 319, 346, 347, 357, 359, 383, 399, 411, 415, 428, 444, 451, 479, 492, 496, 507, 522, 532, 539, 547, 556, 585, 598, 615, 621, 626, 634, 635, 647, 649, 650, 660, 662, 678, 698, 721, 736, 814]","[0, 1, 4, 7, 8, 14, 16, 17, 19, 21, 25, 27, 46, 47, 49, 50, 51, 52, 53, 62, 69, 70, 77, 91, 100, 103, 107, 112, 114, 116, 119, 120, 121, 125, 134, 135, 138, 142, 143, 144, 145, 146, 147, 150, 157, 161, 168, 174, 176, 186, 187, 198, 200, 201, 214, 216, 217, 218, 219, 222, 230, 231, 237, 240, 246, 247, 252, 254, 263, 266, 270, 271, 276, 278, 287, 301, 307, 312, 316, 317, 326, 329, 334, 339, 344, 345, 348, 352, 356, 358, 360, 366, 375, 380, 388, 393, 397, 398, 402, 403, 405, 408, 409, 417, 421, 422, 433, 435, 442, 448, 453, 475, 476, 482, 483, 487, 488, 490, 501, 502, 508, 509, 514, 515, 525, 526, 529, 535, 536, 537, 538, 540, 545, 550, 558, 563, 565, 566, 567, 569, 574, 576, 581, 583, 589, 590, 594, 596, 611, 612, 613, 624, 627, 629, 632, 636, 638, 644, 653, 656, 664, 666, 667, 669, 670, 671, 672, 685, 688, 691, 693, 697, 702, 704, 718, 720, 741, 746, 765, 787, 828]","[2, 3, 12, 15, 24, 33, 35, 40, 41, 44, 54, 55, 56, 64, 65, 68, 72, 79, 80, 83, 86, 88, 95, 99, 106, 111, 123, 131, 136, 137, 139, 148, 153, 154, 159, 160, 162, 164, 165, 166, 169, 171, 175, 180, 184, 193, 194, 203, 204, 207, 212, 224, 228, 241, 243, 251, 255, 257, 259, 262, 268, 269, 272, 277, 286, 290, 291, 292, 294, 298, 310, 311, 314, 318, 320, 324, 327, 332, 333, 335, 336, 338, 341, 342, 343, 350, 351, 353, 355, 362, 363, 367, 368, 369, 377, 378, 379, 382, 390, 401, 407, 412, 413, 427, 430, 440, 449, 454, 459, 464, 465, 467, 472, 480, 481, 493, 495, 500, 503, 506, 511, 518, 524, 543, 546, 548, 552, 560, 568, 572, 575, 577, 584, 586, 587, 591, 593, 597, 599, 600, 610, 616, 617, 633, 637, 639, 640, 652, 655, 658, 680, 683, 690, 695, 701, 707, 708, 714, 715, 717, 723, 725, 734, 737, 740, 743, 749, 759, 760, 766, 771, 773, 774, 775, 779, 781, 788, 789, 790, 793, 795, 796, 800, 802, 803, 806, 808, 809, 813, 816, 817, 819, 823, 839, 841, 843, 844, 848, 852, 854, 855, 856, 860, 862, 868, 871, 882, 884, 886, 888, 890, 892, 898, 899, 901, 902, 907, 909, 913, 915, 916, 917, 919, 922, 926, 927, 929, 939, 940, 947, 952, 953, 954, 960, 966, 970, 972, 974, 976, 979, 981, 983, 986, 988, 990, 993, 994, 996, 998, 999, 1002, 1005, 1007, 1010, 1011, 1014, 1016, 1018, 1022, 1023]"
flau_large_c,50%,512,629,305,36.48,"[1, 2, 6, 8, 10, 11, 12, 13, 14, 18, 20, 25, 27, 29, 33, 34, 39, 41, 44, 46, 61, 62, 65, 66, 67, 75, 88, 91, 95, 97, 103, 106, 108, 111, 112, 113, 117, 118, 119, 120, 121, 123, 126, 132, 133, 134, 135, 136, 137, 138, 141, 143, 144, 146, 150, 154, 155, 158, 161, 164, 168, 172, 175, 177, 178, 180, 182, 185, 186, 190, 193, 197, 199, 201, 205, 206, 211, 215, 217, 218, 220, 222, 223, 225, 227, 232, 235, 238, 241, 242, 248, 249, 250, 251, 254, 256, 257, 265, 267, 268, 270, 271, 272, 273, 274, 277, 283, 284, 287, 292, 294, 299, 307, 308, 312, 318, 319, 320, 323, 326, 329, 332, 339, 341, 344, 346, 347, 351, 353, 354, 357, 358, 359, 362, 363, 364, 366, 368, 369, 375, 376, 377, 380, 382, 383, 388, 389, 392, 393, 399, 401, 402, 403, 407, 408, 409, 411, 412, 415, 418, 421, 428, 434, 441, 442, 444, 445, 451, 467, 475, 476, 479, 482, 486, 487, 490, 491, 492, 493, 496, 497, 502, 507, 508, 512, 513, 522, 526, 529, 532, 538, 539, 547, 555, 556, 563, 566, 567, 574, 575, 578, 583, 585, 590, 596, 598, 600, 610, 612, 613, 615, 619, 621, 623, 624, 626, 629, 632, 634, 635, 637, 638, 639, 640, 642, 647, 649, 650, 653, 655, 659, 660, 662, 664, 665, 669, 678, 679, 684, 685, 688, 698, 702, 706, 707, 713, 714, 721, 725, 732, 736, 738, 740, 741, 744, 747, 750, 761, 766, 767, 771, 772, 773, 775, 776, 781, 785, 794, 796, 801, 806, 814, 816, 817, 819, 823, 824, 827, 828, 830, 835, 836, 840, 843, 845, 846, 847, 848, 852, 855, 856, 858, 862, 871, 876, 877, 878, 879, 882, 884, 886, 890, 891, 892, 893]","[0, 4, 7, 16, 17, 19, 21, 26, 42, 47, 48, 49, 50, 51, 52, 53, 60, 69, 70, 74, 77, 78, 81, 89, 94, 100, 107, 109, 110, 114, 115, 116, 122, 124, 125, 127, 142, 145, 147, 152, 157, 167, 170, 174, 176, 183, 187, 189, 192, 195, 198, 200, 209, 213, 214, 216, 219, 229, 230, 231, 237, 240, 245, 246, 247, 252, 261, 263, 266, 276, 278, 280, 281, 288, 296, 300, 301, 305, 316, 317, 321, 322, 330, 334, 345, 348, 352, 356, 360, 361, 371, 374, 381, 385, 387, 394, 397, 398, 405, 414, 417, 419, 422, 423, 425, 426, 429, 433, 435, 448, 453, 457, 458, 461, 462, 466, 483, 488, 501, 509, 510, 514, 515, 520, 525, 534, 535, 536, 537, 540, 545, 550, 553, 558, 559, 564, 565, 569, 571, 573, 576, 581, 589, 594, 605, 611, 625, 627, 630, 636, 644, 646, 656, 657, 666, 667, 670, 671, 672, 673, 687, 691, 693, 697, 699, 704, 710, 718, 719, 720, 724, 726, 727, 728, 729, 730, 746, 753, 757, 758, 763, 765, 768, 769, 782, 784, 787, 799, 804, 805, 820, 821, 825, 831, 832, 851, 857, 859, 865, 873, 874, 881, 883, 885, 889, 894, 895]","[3, 15, 23, 24, 28, 31, 35, 36, 38, 40, 43, 45, 54, 55, 56, 58, 64, 68, 72, 76, 79, 80, 82, 83, 84, 86, 90, 92, 96, 99, 102, 105, 128, 130, 131, 139, 140, 148, 149, 153, 156, 159, 160, 162, 163, 165, 166, 169, 171, 181, 184, 188, 191, 194, 203, 204, 207, 212, 224, 228, 233, 243, 255, 258, 259, 260, 262, 264, 269, 285, 286, 290, 291, 298, 304, 309, 310, 311, 313, 314, 324, 325, 327, 333, 335, 336, 338, 340, 342, 343, 349, 350, 355, 365, 367, 378, 379, 390, 396, 413, 416, 427, 430, 438, 440, 446, 449, 450, 452, 454, 455, 459, 464, 465, 471, 472, 474, 480, 481, 484, 489, 495, 499, 500, 503, 504, 505, 506, 511, 518, 521, 524, 533, 541, 543, 544, 546, 548, 549, 552, 560, 561, 568, 570, 572, 577, 580, 582, 584, 586, 587, 588, 591, 593, 595, 597, 599, 601, 603, 606, 608, 616, 617, 620, 631, 633, 645, 652, 658, 661, 663, 676, 680, 681, 682, 683, 690, 692, 694, 695, 700, 701, 708, 715, 717, 723, 734, 735, 737, 743, 749, 751, 752, 754, 756, 759, 760, 764, 770, 774, 778, 779, 780, 783, 788, 789, 790, 792, 793, 795, 798, 800, 802, 803, 807, 808, 809, 810, 811, 812, 813, 826, 837, 838, 839, 841, 844, 849, 850, 853, 854, 860, 863, 864, 868, 869, 870, 872, 875, 887, 888, 898, 899, 900, 901, 902, 907, 908, 909, 911, 912, 913, 914, 915, 916, 917, 919, 922, 926, 927, 929, 931, 933, 934, 937, 938, 939, 940, 942, 943, 944, 946, 947, 948, 950, 952, 953, 954, 956, 958, 959, 960, 962, 964, 966, 967, 969, 970, 972, 973, 974, 976, 979, 981, 983, 985, 986, 987, 988, 989, 990, 991, 993, 994, 996, 997, 998, 999, 1001, 1002, 1005, 1006, 1007, 1010, 1011, 1012, 1014, 1015, 1016, 1018, 1019, 1021, 1022, 1023]"
flau_large_c,75%,768,900,670,67.13,"[0, 1, 2, 3, 4, 6, 7, 8, 9, 10, 11, 12, 13, 14, 15, 18, 19, 20, 21, 23, 25, 26, 27, 29, 31, 33, 34, 36, 37, 39, 40, 41, 42, 43, 44, 45, 46, 47, 49, 50, 51, 54, 56, 57, 58, 59, 60, 61, 62, 63, 64, 65, 66, 67, 69, 70, 72, 74, 75, 76, 77, 78, 85, 86, 88, 91, 95, 97, 100, 103, 105, 106, 107, 108, 109, 111, 112, 113, 114, 115, 116, 117, 118, 119, 120, 121, 123, 124, 125, 126, 127, 129, 130, 132, 133, 134, 135, 136, 137, 138, 139, 140, 141, 142, 143, 144, 146, 150, 152, 153, 154, 155, 157, 158, 161, 162, 163, 164, 168, 169, 171, 172, 173, 174, 175, 176, 177, 178, 180, 182, 183, 185, 186, 187, 188, 189, 190, 191, 192, 193, 194, 197, 198, 199, 200, 201, 203, 205, 206, 211, 212, 215, 216, 217, 218, 220, 221, 222, 223, 224, 225, 227, 229, 230, 232, 233, 235, 237, 238, 241, 242, 246, 248, 249, 250, 251, 252, 253, 254, 256, 257, 259, 261, 262, 263, 264, 265, 266, 267, 268, 269, 270, 271, 272, 273, 274, 276, 277, 280, 281, 283, 284, 286, 287, 288, 291, 292, 294, 295, 297, 298, 299, 300, 303, 304, 305, 307, 308, 309, 312, 314, 315, 316, 317, 318, 319, 320, 321, 322, 323, 324, 326, 327, 329, 331, 332, 334, 335, 338, 339, 340, 341, 344, 345, 346, 347, 349, 350, 351, 352, 353, 354, 356, 357, 358, 359, 360, 362, 363, 364, 366, 367, 368, 369, 375, 376, 377, 378, 379, 380, 381, 382, 383, 386, 387, 388, 389, 390, 392, 393, 394, 395, 399, 401, 402, 403, 404, 407, 408, 409, 411, 412, 414, 415, 416, 417, 418, 419, 420, 421, 423, 424, 425, 428, 430, 431, 432, 433, 434, 436, 441, 442, 443, 444, 445, 446, 450, 451, 452, 453, 454, 455, 458, 459, 462, 463, 464, 467, 468, 470, 471, 472, 475, 476, 477, 478, 479, 480, 481, 482, 485, 486, 487, 488, 489, 490, 491, 492, 493, 494, 496, 497, 501, 502, 506, 507, 508, 509, 512, 513, 514, 518, 519, 520, 521, 522, 523, 525, 526, 528, 529, 530, 532, 533, 534, 535, 536, 538, 539, 540, 541, 547, 548, 550, 552, 555, 556, 558, 563, 564, 565, 566, 567, 569, 571, 572, 574, 575, 576, 577, 578, 580, 581, 582, 583, 584, 585, 587, 588, 589, 590, 592, 593, 594, 595, 596, 597, 598, 600, 601, 602, 604, 605, 606, 608, 610, 612, 613, 614, 615, 616, 618, 619, 621, 623, 624, 625, 626, 629, 630, 631, 632, 633, 634, 635, 637, 638, 639, 640, 641, 642, 644, 647, 648, 649, 650, 651, 652, 653, 655, 657, 659, 660, 662, 663, 664, 665, 666, 667, 669, 671, 672, 674, 677, 678, 679, 680, 683, 684, 685, 686, 687, 688, 689, 690, 693, 694, 696, 697, 698, 699, 701, 702, 703, 704, 705, 706, 707, 708, 709, 710, 713, 714, 715, 718, 719, 720, 721, 725, 726, 727, 728, 730, 731, 732, 734, 736, 738, 739, 740, 741, 744, 747, 750, 751, 753, 755, 757, 760, 761, 766, 767, 769, 770, 771, 772, 773, 775, 776, 777, 778, 781, 782, 784, 785, 787, 789, 793, 794, 796, 800, 801, 802, 803, 804, 805, 806, 807, 809, 810, 812, 814, 816, 817, 819, 820, 821, 823, 824, 825, 827, 828, 830, 831, 832, 833, 834, 835, 836, 837, 839, 840, 843, 844, 845, 846, 847, 848, 851, 852, 855, 856, 857, 858, 859, 862, 863, 865, 871, 874, 876, 877, 878, 879, 880, 882, 883, 884, 886, 887, 889, 890, 891, 892, 893, 894, 895, 898, 899, 900, 901, 902, 903, 904, 905, 906, 907, 908, 909, 910, 911, 912, 913, 914, 915, 916, 917, 918, 919, 920, 921, 922, 924, 925, 926, 927, 928, 929, 930, 931, 933, 934, 935, 936, 937, 938, 939, 940, 941, 942, 943, 944, 946, 947, 948, 950, 951, 952, 953, 954]","[16, 17, 22, 48, 52, 53, 71, 81, 89, 94, 101, 110, 122, 145, 147, 151, 167, 170, 195, 202, 209, 210, 213, 214, 219, 231, 236, 239, 240, 244, 245, 247, 275, 278, 296, 301, 328, 330, 348, 361, 370, 371, 374, 385, 391, 397, 398, 405, 422, 426, 429, 435, 448, 457, 460, 461, 466, 483, 498, 510, 515, 516, 537, 545, 551, 553, 554, 559, 562, 573, 611, 627, 636, 646, 656, 670, 673, 691, 724, 729, 746, 758, 762, 763, 765, 768, 786, 791, 797, 799, 829, 873, 881, 885, 923, 932, 945, 949]","[5, 24, 28, 32, 35, 38, 55, 68, 73, 79, 80, 82, 83, 84, 90, 92, 96, 99, 102, 104, 128, 131, 148, 149, 156, 159, 160, 165, 166, 179, 181, 184, 196, 204, 207, 226, 228, 234, 243, 255, 258, 260, 279, 285, 289, 290, 306, 310, 311, 313, 325, 333, 336, 337, 342, 343, 355, 365, 384, 396, 400, 406, 410, 413, 427, 438, 440, 447, 449, 456, 465, 469, 473, 474, 484, 495, 499, 500, 503, 504, 505, 511, 524, 527, 531, 542, 543, 544, 546, 549, 557, 560, 561, 568, 570, 586, 591, 599, 603, 607, 609, 617, 620, 622, 628, 645, 654, 658, 661, 675, 676, 681, 682, 692, 695, 700, 711, 712, 716, 717, 722, 723, 733, 735, 737, 742, 743, 745, 748, 749, 752, 754, 756, 759, 764, 774, 779, 780, 783, 788, 790, 792, 795, 798, 808, 811, 813, 815, 818, 822, 826, 838, 841, 849, 850, 853, 854, 860, 861, 864, 867, 868, 869, 870, 872, 875, 888, 896, 897, 956, 957, 958, 959, 960, 962, 963, 964, 966, 967, 968, 969, 970, 971, 972, 973, 974, 975, 976, 979, 980, 981, 982, 983, 984, 985, 986, 987, 988, 989, 990, 991, 993, 994, 995, 996, 997, 998, 999, 1000, 1001, 1002, 1003, 1004, 1005, 1006, 1007, 1010, 1011, 1012, 1013, 1014, 1015, 1016, 1017, 1018, 1019, 1020, 1021, 1022, 1023]"
flau_small_c,1%,10,7,0,0.0,[],"[7, 10, 15, 23, 30, 53, 54, 61, 71, 99]","[100, 162, 245, 316, 377, 434, 507]"
flau_small_c,5%,51,33,3,3.7,"[7, 74, 202]","[4, 10, 13, 15, 18, 23, 30, 35, 40, 41, 42, 48, 51, 53, 54, 59, 61, 71, 73, 77, 85, 87, 99, 128, 148, 149, 155, 156, 157, 161, 163, 169, 171, 206, 213, 217, 227, 230, 256, 264, 265, 305, 313, 321, 343, 372, 456, 474]","[5, 28, 62, 100, 115, 117, 121, 133, 162, 186, 192, 195, 234, 245, 250, 292, 306, 316, 318, 320, 377, 387, 390, 434, 443, 468, 477, 490, 499, 507]"
flau_small_c,10%,102,67,13,8.33,"[7, 28, 36, 40, 74, 117, 133, 202, 213, 237, 256, 265, 332]","[4, 10, 13, 15, 18, 23, 24, 30, 35, 37, 41, 42, 43, 48, 51, 53, 54, 55, 59, 61, 65, 67, 71, 73, 76, 77, 85, 86, 87, 99, 104, 107, 119, 123, 124, 128, 132, 135, 148, 149, 151, 155, 156, 157, 159, 161, 163, 165, 169, 171, 174, 182, 183, 190, 196, 204, 206, 214, 217, 227, 230, 239, 242, 244, 263, 264, 293, 300, 301, 305, 313, 321, 325, 343, 347, 372, 376, 395, 409, 451, 456, 474, 493, 504, 521, 561, 568, 579, 586]","[5, 20, 25, 62, 88, 100, 115, 121, 147, 160, 162, 181, 186, 192, 193, 195, 198, 210, 234, 245, 250, 255, 261, 276, 279, 292, 296, 306, 312, 315, 316, 318, 320, 335, 362, 363, 374, 377, 387, 390, 403, 426, 432, 434, 443, 455, 466, 468, 470, 477, 488, 490, 499, 507]"
flau_small_c,25%,256,158,66,18.97,"[4, 7, 27, 28, 30, 36, 40, 41, 42, 53, 54, 59, 74, 85, 88, 95, 104, 110, 117, 123, 124, 133, 147, 151, 152, 156, 157, 159, 163, 165, 173, 177, 193, 195, 200, 202, 209, 211, 213, 214, 220, 222, 230, 237, 239, 256, 260, 265, 269, 292, 293, 300, 320, 332, 376, 387, 409, 419, 443, 461, 464, 466, 477, 482, 497, 503]","[10, 13, 15, 18, 23, 24, 29, 35, 37, 38, 43, 45, 48, 51, 52, 55, 61, 63, 65, 67, 71, 73, 75, 76, 77, 86, 87, 91, 97, 99, 105, 107, 108, 109, 111, 119, 120, 126, 127, 128, 129, 131, 132, 135, 137, 144, 148, 149, 154, 155, 161, 166, 167, 169, 171, 174, 176, 179, 182, 183, 184, 190, 196, 201, 204, 206, 208, 217, 221, 225, 227, 235, 236, 241, 242, 244, 253, 258, 263, 264, 273, 277, 282, 288, 289, 295, 299, 301, 305, 307, 311, 313, 319, 321, 325, 328, 329, 330, 337, 338, 341, 343, 347, 350, 354, 355, 357, 364, 372, 384, 389, 394, 395, 398, 399, 400, 404, 405, 410, 414, 415, 429, 431, 433, 437, 440, 446, 451, 452, 456, 474, 476, 478, 481, 491, 493, 504, 506, 513, 517, 521, 523, 528, 531, 542, 544, 546, 549, 554, 561, 564, 567, 568, 570, 577, 578, 579, 582, 586, 595, 600, 603, 605, 610, 618, 631, 632, 633, 638, 639, 642, 647, 651, 652, 658, 677, 680, 690, 694, 701, 705, 716, 717, 739, 752, 753, 759, 760, 774, 797]","[0, 5, 11, 16, 20, 25, 46, 50, 62, 80, 89, 94, 96, 100, 102, 103, 113, 115, 116, 121, 130, 140, 141, 142, 160, 162, 175, 181, 186, 188, 192, 198, 210, 228, 229, 234, 245, 248, 249, 250, 255, 261, 262, 268, 270, 276, 279, 284, 287, 296, 306, 309, 310, 312, 315, 316, 318, 335, 336, 344, 345, 352, 358, 362, 363, 369, 374, 377, 382, 390, 403, 417, 426, 432, 434, 436, 439, 448, 449, 455, 468, 470, 471, 487, 488, 490, 495, 499, 500, 501, 507, 510]"
flau_small_c,50%,512,315,205,32.96,"[4, 7, 10, 14, 15, 24, 26, 27, 28, 30, 36, 37, 38, 40, 41, 42, 43, 51, 52, 53, 54, 55, 56, 59, 69, 73, 74, 75, 77, 79, 81, 85, 87, 88, 95, 101, 102, 104, 105, 107, 108, 110, 111, 113, 117, 119, 120, 121, 123, 124, 129, 132, 133, 137, 140, 142, 143, 144, 145, 147, 149, 151, 152, 153, 156, 157, 159, 160, 163, 165, 167, 168, 170, 173, 175, 176, 177, 181, 182, 183, 184, 189, 191, 192, 193, 195, 196, 200, 202, 207, 208, 209, 210, 211, 212, 213, 214, 215, 217, 218, 220, 222, 227, 228, 230, 236, 237, 239, 244, 250, 256, 257, 259, 260, 261, 265, 268, 269, 270, 279, 282, 283, 285, 287, 288, 291, 292, 293, 295, 296, 300, 306, 313, 315, 316, 317, 318, 320, 321, 325, 330, 332, 335, 337, 340, 341, 343, 356, 357, 359, 363, 364, 365, 372, 374, 376, 377, 381, 385, 387, 388, 389, 396, 398, 400, 405, 409, 410, 414, 415, 417, 419, 421, 423, 426, 429, 432, 434, 439, 443, 444, 451, 455, 458, 460, 461, 464, 466, 468, 469, 471, 472, 474, 477, 481, 482, 488, 491, 495, 497, 499, 501, 503, 508, 510]","[13, 18, 21, 23, 29, 31, 35, 45, 47, 48, 60, 61, 63, 65, 67, 71, 76, 86, 91, 97, 98, 99, 106, 109, 112, 126, 127, 128, 131, 135, 148, 154, 155, 161, 164, 166, 169, 171, 174, 179, 190, 201, 204, 206, 221, 223, 225, 235, 241, 242, 253, 258, 263, 264, 273, 275, 277, 286, 289, 294, 297, 298, 299, 301, 302, 304, 305, 307, 311, 319, 327, 328, 329, 331, 338, 346, 347, 350, 354, 355, 371, 378, 384, 386, 392, 393, 394, 395, 399, 401, 404, 406, 412, 425, 427, 431, 433, 437, 438, 440, 446, 452, 456, 457, 463, 467, 473, 475, 476, 478, 493, 498, 502, 504, 505, 506, 512, 513, 517, 518, 519, 520, 521, 523, 524, 525, 526, 527, 528, 529, 530, 531, 537, 540, 541, 542, 543, 544, 545, 546, 549, 550, 552, 554, 560, 561, 564, 567, 568, 570, 577, 578, 579, 580, 581, 582, 584, 585, 586, 588, 589, 594, 595, 599, 600, 603, 605, 607, 610, 611, 615, 617, 618, 619, 620, 622, 626, 627, 629, 630, 631, 632, 633, 634, 636, 637, 638, 639, 640, 642, 643, 644, 645, 647, 651, 652, 653, 654, 655, 658, 659, 660, 661, 666, 668, 669, 672, 674, 675, 676, 677, 678, 680, 684, 685, 689, 690, 691, 693, 694, 699, 701, 705, 708, 709, 710, 712, 713, 714, 715, 716, 717, 718, 719, 720, 730, 737, 738, 739, 742, 743, 744, 745, 746, 747, 748, 749, 751, 752, 753, 757, 758, 759, 760, 761, 764, 765, 772, 773, 774, 777, 779, 786, 787, 788, 789, 792, 795, 797, 800, 802, 807, 808, 809, 810, 812, 813, 814, 815, 817, 822, 826, 828, 829, 830, 832, 833, 834, 839, 841, 842, 846, 849, 850, 853, 854, 859, 860, 861, 863, 867, 868, 880, 886, 887, 888, 896]","[0, 1, 5, 6, 8, 9, 11, 12, 16, 20, 25, 32, 33, 34, 39, 46, 50, 58, 62, 70, 72, 80, 82, 83, 89, 93, 94, 96, 100, 103, 114, 115, 116, 130, 136, 141, 150, 162, 172, 178, 185, 186, 187, 188, 197, 198, 199, 203, 219, 229, 231, 234, 240, 243, 245, 246, 247, 248, 249, 251, 254, 255, 262, 267, 274, 276, 280, 281, 284, 308, 309, 310, 312, 314, 323, 326, 336, 344, 345, 348, 352, 358, 362, 366, 368, 369, 379, 382, 383, 390, 397, 403, 418, 422, 436, 441, 442, 447, 448, 449, 453, 462, 465, 470, 487, 489, 490, 492, 500, 507]"
flau_small_c,75%,768,450,450,58.59,"[0, 1, 2, 3, 4, 5, 6, 7, 8, 9, 10, 11, 12, 14, 15, 16, 17, 18, 19, 20, 22, 23, 24, 25, 26, 27, 28, 29, 30, 31, 32, 33, 34, 35, 36, 37, 38, 39, 40, 41, 42, 43, 45, 46, 47, 48, 49, 50, 51, 52, 53, 54, 55, 56, 57, 58, 59, 62, 65, 66, 67, 69, 70, 72, 73, 74, 75, 76, 77, 78, 79, 80, 81, 82, 83, 84, 85, 86, 87, 88, 89, 90, 91, 92, 93, 94, 95, 96, 97, 98, 99, 100, 101, 102, 103, 104, 105, 106, 107, 108, 109, 110, 111, 112, 113, 114, 115, 116, 117, 118, 119, 120, 121, 122, 123, 124, 125, 127, 128, 129, 130, 132, 133, 134, 136, 137, 138, 139, 140, 141, 142, 143, 144, 145, 147, 148, 149, 150, 151, 152, 153, 156, 157, 159, 160, 161, 162, 163, 164, 165, 167, 168, 169, 170, 172, 173, 174, 175, 176, 177, 178, 179, 180, 181, 182, 183, 184, 185, 186, 187, 188, 189, 190, 191, 192, 193, 194, 195, 196, 197, 198, 199, 200, 202, 203, 204, 205, 206, 207, 208, 209, 210, 211, 212, 213, 214, 215, 216, 217, 218, 219, 220, 221, 222, 224, 225, 226, 227, 228, 229, 230, 231, 232, 233, 234, 236, 237, 239, 240, 241, 242, 243, 244, 245, 246, 247, 248, 249, 250, 251, 252, 253, 254, 255, 256, 257, 258, 259, 260, 261, 262, 263, 264, 265, 266, 267, 268, 269, 270, 271, 272, 273, 274, 275, 276, 279, 280, 281, 282, 283, 284, 285, 287, 288, 289, 290, 291, 292, 293, 294, 295, 296, 297, 298, 300, 301, 302, 304, 305, 306, 308, 309, 310, 312, 313, 314, 315, 316, 317, 318, 320, 321, 323, 324, 325, 326, 327, 328, 329, 330, 331, 332, 333, 335, 336, 337, 338, 340, 341, 343, 344, 345, 347, 348, 350, 352, 353, 355, 356, 357, 358, 359, 360, 362, 363, 364, 365, 366, 367, 368, 369, 370, 372, 374, 375, 376, 377, 378, 379, 381, 382, 383, 385, 387, 388, 389, 390, 391, 392, 393, 394, 395, 396, 397, 398, 400, 401, 402, 403, 404, 405, 406, 409, 410, 411, 412, 413, 414, 415, 416, 417, 418, 419, 420, 421, 422, 423, 425, 426, 427, 428, 429, 431, 432, 434, 435, 436, 438, 439, 441, 442, 443, 444, 445, 446, 447, 448, 449, 451, 452, 453, 455, 458, 459, 460, 461, 462, 463, 464, 465, 466, 468, 469, 470, 471, 472, 473, 474, 475, 476, 477, 478, 479, 480, 481, 482, 485, 486, 487, 488, 489, 490, 491, 492, 493, 494, 495, 496, 497, 499, 500, 501, 502, 503, 505, 507, 508, 509, 510, 511]","[13, 21, 44, 60, 61, 63, 64, 68, 71, 126, 131, 135, 146, 154, 155, 158, 166, 171, 201, 223, 235, 238, 277, 278, 286, 299, 303, 307, 311, 319, 322, 334, 339, 342, 346, 349, 351, 354, 361, 371, 373, 380, 384, 386, 399, 407, 408, 424, 430, 433, 437, 440, 450, 454, 456, 457, 467, 483, 484, 498, 504, 506, 512, 513, 514, 515, 516, 517, 518, 519, 520, 521, 522, 523, 524, 525, 526, 527, 528, 529, 530, 531, 532, 533, 534, 535, 536, 537, 538, 539, 540, 541, 542, 543, 544, 545, 546, 547, 548, 549, 550, 551, 552, 553, 554, 555, 556, 557, 558, 559, 560, 561, 562, 563, 564, 565, 566, 567, 568, 569, 570, 571, 572, 573, 574, 575, 576, 577, 578, 579, 580, 581, 582, 583, 584, 585, 586, 587, 588, 589, 590, 591, 592, 593, 594, 595, 596, 597, 598, 599, 600, 601, 602, 603, 604, 605, 606, 607, 608, 609, 610, 611, 612, 613, 614, 615, 616, 617, 618, 619, 620, 621, 622, 623, 624, 625, 626, 627, 628, 629, 630, 631, 632, 633, 634, 635, 636, 637, 638, 639, 640, 641, 642, 643, 644, 645, 646, 647, 648, 649, 650, 651, 652, 653, 654, 655, 656, 657, 658, 659, 660, 661, 662, 663, 666, 668, 669, 672, 674, 675, 676, 677, 678, 680, 684, 685, 689, 690, 691, 693, 694, 699, 701, 705, 708, 709, 710, 712, 713, 714, 715, 716, 717, 718, 719, 720, 730, 737, 738, 739, 742, 743, 744, 745, 746, 747, 748, 749, 751, 752, 753, 757, 758, 759, 760, 761, 764, 765, 772, 773, 774, 777, 779, 786, 787, 788, 789, 792, 795, 797, 800, 802, 807, 808, 809, 810, 812, 813, 814, 815, 817, 822, 826, 828, 829, 830, 832, 833, 834, 839, 841, 842, 846, 849, 850, 853, 854, 859, 860, 861, 863, 867, 868, 880, 886, 887, 888, 896]",[]
