Model,Top %,Total Features,Top % Feature Count,Feature Indexes
flaubert_base_cased,1%,768,7,"5, 31, 102, 24, 140, 2, 26, 113, 45, 57"
flaubert_base_cased,2%,768,15,"5, 31, 102, 24, 140, 2, 26, 113, 45, 57, 181, 38, 84, 228, 28, 52, 46, 154, 1, 223"
flaubert_base_cased,4%,768,30,"5, 31, 102, 24, 140, 2, 26, 113, 45, 57, 181, 38, 84, 228, 28, 52, 46, 154, 1, 223, 56, 95, 173, 105, 98, 70, 279, 78, 298, 47, 261, 63, 19, 236, 143, 64, 101, 18, 9, 0"
flaubert_base_cased,5%,768,38,"5, 31, 102, 24, 140, 2, 26, 113, 45, 57, 181, 38, 84, 228, 28, 52, 46, 154, 1, 223, 56, 95, 173, 105, 98, 70, 279, 78, 298, 47, 261, 63, 19, 236, 143, 64, 101, 18, 9, 0, 180, 168, 139, 131, 115, 147, 60, 120, 58, 328, 11"
flaubert_base_cased,6%,768,46,"5, 31, 102, 24, 140, 2, 26, 113, 45, 57, 181, 38, 84, 228, 28, 52, 46, 154, 1, 223, 56, 95, 173, 105, 98, 70, 279, 78, 298, 47, 261, 63, 19, 236, 143, 64, 101, 18, 9, 0, 180, 168, 139, 131, 115, 147, 60, 120, 58, 328, 11, 108, 110, 471, 297, 193, 125, 215, 22, 195, 396"
flaubert_base_cased,8%,768,61,"5, 31, 102, 24, 140, 2, 26, 113, 45, 57, 181, 38, 84, 228, 28, 52, 46, 154, 1, 223, 56, 95, 173, 105, 98, 70, 279, 78, 298, 47, 261, 63, 19, 236, 143, 64, 101, 18, 9, 0, 180, 168, 139, 131, 115, 147, 60, 120, 58, 328, 11, 108, 110, 471, 297, 193, 125, 215, 22, 195, 396, 310, 275, 89, 7, 197, 123, 112, 159, 333, 250, 392, 88, 460, 67, 20, 77, 144, 117, 363, 204"
flaubert_base_cased,10%,768,76,"5, 31, 102, 24, 140, 2, 26, 113, 45, 57, 181, 38, 84, 228, 28, 52, 46, 154, 1, 223, 56, 95, 173, 105, 98, 70, 279, 78, 298, 47, 261, 63, 19, 236, 143, 64, 101, 18, 9, 0, 180, 168, 139, 131, 115, 147, 60, 120, 58, 328, 11, 108, 110, 471, 297, 193, 125, 215, 22, 195, 396, 310, 275, 89, 7, 197, 123, 112, 159, 333, 250, 392, 88, 460, 67, 20, 77, 144, 117, 363, 204, 255, 336, 386, 412, 162, 455, 296, 320, 124, 290, 186, 498, 65, 245, 254, 90, 426, 367, 27, 335, 12"
flaubert_base_cased,12%,768,92,"5, 31, 102, 24, 140, 2, 26, 113, 45, 57, 181, 38, 84, 228, 28, 52, 46, 154, 1, 223, 56, 95, 173, 105, 98, 70, 279, 78, 298, 47, 261, 63, 19, 236, 143, 64, 101, 18, 9, 0, 180, 168, 139, 131, 115, 147, 60, 120, 58, 328, 11, 108, 110, 471, 297, 193, 125, 215, 22, 195, 396, 310, 275, 89, 7, 197, 123, 112, 159, 333, 250, 392, 88, 460, 67, 20, 77, 144, 117, 363, 204, 255, 336, 386, 412, 162, 455, 296, 320, 124, 290, 186, 498, 65, 245, 254, 90, 426, 367, 27, 335, 12, 304, 33, 55, 86, 285, 75, 145, 225, 133, 122, 85, 126, 221, 191, 14, 94, 283, 512, 44, 318"
flaubert_base_cased,14%,768,107,"5, 31, 102, 24, 140, 2, 26, 113, 45, 57, 181, 38, 84, 228, 28, 52, 46, 154, 1, 223, 56, 95, 173, 105, 98, 70, 279, 78, 298, 47, 261, 63, 19, 236, 143, 64, 101, 18, 9, 0, 180, 168, 139, 131, 115, 147, 60, 120, 58, 328, 11, 108, 110, 471, 297, 193, 125, 215, 22, 195, 396, 310, 275, 89, 7, 197, 123, 112, 159, 333, 250, 392, 88, 460, 67, 20, 77, 144, 117, 363, 204, 255, 336, 386, 412, 162, 455, 296, 320, 124, 290, 186, 498, 65, 245, 254, 90, 426, 367, 27, 335, 12, 304, 33, 55, 86, 285, 75, 145, 225, 133, 122, 85, 126, 221, 191, 14, 94, 283, 512, 44, 318, 29, 39, 3, 211, 87, 355, 130, 13, 167, 226, 560, 136, 413, 438, 467, 160, 175, 454, 179, 80, 473"
flaubert_base_cased,16%,768,122,"5, 31, 102, 24, 140, 2, 26, 113, 45, 57, 181, 38, 84, 228, 28, 52, 46, 154, 1, 223, 56, 95, 173, 105, 98, 70, 279, 78, 298, 47, 261, 63, 19, 236, 143, 64, 101, 18, 9, 0, 180, 168, 139, 131, 115, 147, 60, 120, 58, 328, 11, 108, 110, 471, 297, 193, 125, 215, 22, 195, 396, 310, 275, 89, 7, 197, 123, 112, 159, 333, 250, 392, 88, 460, 67, 20, 77, 144, 117, 363, 204, 255, 336, 386, 412, 162, 455, 296, 320, 124, 290, 186, 498, 65, 245, 254, 90, 426, 367, 27, 335, 12, 304, 33, 55, 86, 285, 75, 145, 225, 133, 122, 85, 126, 221, 191, 14, 94, 283, 512, 44, 318, 29, 39, 3, 211, 87, 355, 130, 13, 167, 226, 560, 136, 413, 438, 467, 160, 175, 454, 179, 80, 473, 158, 148, 107, 530, 258, 76, 552, 391, 315, 212, 73, 59, 485, 377, 253, 184, 378, 150, 232, 362"
flaubert_base_cased,18%,768,138,"5, 31, 102, 24, 140, 2, 26, 113, 45, 57, 181, 38, 84, 228, 28, 52, 46, 154, 1, 223, 56, 95, 173, 105, 98, 70, 279, 78, 298, 47, 261, 63, 19, 236, 143, 64, 101, 18, 9, 0, 180, 168, 139, 131, 115, 147, 60, 120, 58, 328, 11, 108, 110, 471, 297, 193, 125, 215, 22, 195, 396, 310, 275, 89, 7, 197, 123, 112, 159, 333, 250, 392, 88, 460, 67, 20, 77, 144, 117, 363, 204, 255, 336, 386, 412, 162, 455, 296, 320, 124, 290, 186, 498, 65, 245, 254, 90, 426, 367, 27, 335, 12, 304, 33, 55, 86, 285, 75, 145, 225, 133, 122, 85, 126, 221, 191, 14, 94, 283, 512, 44, 318, 29, 39, 3, 211, 87, 355, 130, 13, 167, 226, 560, 136, 413, 438, 467, 160, 175, 454, 179, 80, 473, 158, 148, 107, 530, 258, 76, 552, 391, 315, 212, 73, 59, 485, 377, 253, 184, 378, 150, 232, 362, 323, 74, 388, 622, 104, 381, 36, 457, 351, 390, 331, 484, 353, 48, 303, 137, 510, 311, 506, 394, 234"
flaubert_base_cased,20%,768,153,"5, 31, 102, 24, 140, 2, 26, 113, 45, 57, 181, 38, 84, 228, 28, 52, 46, 154, 1, 223, 56, 95, 173, 105, 98, 70, 279, 78, 298, 47, 261, 63, 19, 236, 143, 64, 101, 18, 9, 0, 180, 168, 139, 131, 115, 147, 60, 120, 58, 328, 11, 108, 110, 471, 297, 193, 125, 215, 22, 195, 396, 310, 275, 89, 7, 197, 123, 112, 159, 333, 250, 392, 88, 460, 67, 20, 77, 144, 117, 363, 204, 255, 336, 386, 412, 162, 455, 296, 320, 124, 290, 186, 498, 65, 245, 254, 90, 426, 367, 27, 335, 12, 304, 33, 55, 86, 285, 75, 145, 225, 133, 122, 85, 126, 221, 191, 14, 94, 283, 512, 44, 318, 29, 39, 3, 211, 87, 355, 130, 13, 167, 226, 560, 136, 413, 438, 467, 160, 175, 454, 179, 80, 473, 158, 148, 107, 530, 258, 76, 552, 391, 315, 212, 73, 59, 485, 377, 253, 184, 378, 150, 232, 362, 323, 74, 388, 622, 104, 381, 36, 457, 351, 390, 331, 484, 353, 48, 303, 137, 510, 311, 506, 394, 234, 607, 111, 34, 239, 287, 458, 494, 190, 152, 410, 166, 356, 96, 354, 425, 373, 134, 119, 270, 106"
flaubert_base_cased,22%,768,168,"5, 31, 102, 24, 140, 2, 26, 113, 45, 57, 181, 38, 84, 228, 28, 52, 46, 154, 1, 223, 56, 95, 173, 105, 98, 70, 279, 78, 298, 47, 261, 63, 19, 236, 143, 64, 101, 18, 9, 0, 180, 168, 139, 131, 115, 147, 60, 120, 58, 328, 11, 108, 110, 471, 297, 193, 125, 215, 22, 195, 396, 310, 275, 89, 7, 197, 123, 112, 159, 333, 250, 392, 88, 460, 67, 20, 77, 144, 117, 363, 204, 255, 336, 386, 412, 162, 455, 296, 320, 124, 290, 186, 498, 65, 245, 254, 90, 426, 367, 27, 335, 12, 304, 33, 55, 86, 285, 75, 145, 225, 133, 122, 85, 126, 221, 191, 14, 94, 283, 512, 44, 318, 29, 39, 3, 211, 87, 355, 130, 13, 167, 226, 560, 136, 413, 438, 467, 160, 175, 454, 179, 80, 473, 158, 148, 107, 530, 258, 76, 552, 391, 315, 212, 73, 59, 485, 377, 253, 184, 378, 150, 232, 362, 323, 74, 388, 622, 104, 381, 36, 457, 351, 390, 331, 484, 353, 48, 303, 137, 510, 311, 506, 394, 234, 607, 111, 34, 239, 287, 458, 494, 190, 152, 410, 166, 356, 96, 354, 425, 373, 134, 119, 270, 106, 266, 584, 430, 420, 233, 437, 269, 37, 194, 196, 364, 200, 72, 379, 289, 198, 267, 153, 229, 68, 528"
flaubert_base_cased,24%,768,184,"5, 31, 102, 24, 140, 2, 26, 113, 45, 57, 181, 38, 84, 228, 28, 52, 46, 154, 1, 223, 56, 95, 173, 105, 98, 70, 279, 78, 298, 47, 261, 63, 19, 236, 143, 64, 101, 18, 9, 0, 180, 168, 139, 131, 115, 147, 60, 120, 58, 328, 11, 108, 110, 471, 297, 193, 125, 215, 22, 195, 396, 310, 275, 89, 7, 197, 123, 112, 159, 333, 250, 392, 88, 460, 67, 20, 77, 144, 117, 363, 204, 255, 336, 386, 412, 162, 455, 296, 320, 124, 290, 186, 498, 65, 245, 254, 90, 426, 367, 27, 335, 12, 304, 33, 55, 86, 285, 75, 145, 225, 133, 122, 85, 126, 221, 191, 14, 94, 283, 512, 44, 318, 29, 39, 3, 211, 87, 355, 130, 13, 167, 226, 560, 136, 413, 438, 467, 160, 175, 454, 179, 80, 473, 158, 148, 107, 530, 258, 76, 552, 391, 315, 212, 73, 59, 485, 377, 253, 184, 378, 150, 232, 362, 323, 74, 388, 622, 104, 381, 36, 457, 351, 390, 331, 484, 353, 48, 303, 137, 510, 311, 506, 394, 234, 607, 111, 34, 239, 287, 458, 494, 190, 152, 410, 166, 356, 96, 354, 425, 373, 134, 119, 270, 106, 266, 584, 430, 420, 233, 437, 269, 37, 194, 196, 364, 200, 72, 379, 289, 198, 267, 153, 229, 68, 528, 97, 149, 21, 322, 155, 489, 141, 151, 35, 325, 207, 654, 295, 593, 468, 407, 341, 461, 534, 588"
flaubert_base_cased,25%,768,192,"5, 31, 102, 24, 140, 2, 26, 113, 45, 57, 181, 38, 84, 228, 28, 52, 46, 154, 1, 223, 56, 95, 173, 105, 98, 70, 279, 78, 298, 47, 261, 63, 19, 236, 143, 64, 101, 18, 9, 0, 180, 168, 139, 131, 115, 147, 60, 120, 58, 328, 11, 108, 110, 471, 297, 193, 125, 215, 22, 195, 396, 310, 275, 89, 7, 197, 123, 112, 159, 333, 250, 392, 88, 460, 67, 20, 77, 144, 117, 363, 204, 255, 336, 386, 412, 162, 455, 296, 320, 124, 290, 186, 498, 65, 245, 254, 90, 426, 367, 27, 335, 12, 304, 33, 55, 86, 285, 75, 145, 225, 133, 122, 85, 126, 221, 191, 14, 94, 283, 512, 44, 318, 29, 39, 3, 211, 87, 355, 130, 13, 167, 226, 560, 136, 413, 438, 467, 160, 175, 454, 179, 80, 473, 158, 148, 107, 530, 258, 76, 552, 391, 315, 212, 73, 59, 485, 377, 253, 184, 378, 150, 232, 362, 323, 74, 388, 622, 104, 381, 36, 457, 351, 390, 331, 484, 353, 48, 303, 137, 510, 311, 506, 394, 234, 607, 111, 34, 239, 287, 458, 494, 190, 152, 410, 166, 356, 96, 354, 425, 373, 134, 119, 270, 106, 266, 584, 430, 420, 233, 437, 269, 37, 194, 196, 364, 200, 72, 379, 289, 198, 267, 153, 229, 68, 528, 97, 149, 21, 322, 155, 489, 141, 151, 35, 325, 207, 654, 295, 593, 468, 407, 341, 461, 534, 588, 79, 445, 277, 240, 480, 349, 675, 15, 393, 553, 423"
flaubert_base_cased,26%,768,199,"5, 31, 102, 24, 140, 2, 26, 113, 45, 57, 181, 38, 84, 228, 28, 52, 46, 154, 1, 223, 56, 95, 173, 105, 98, 70, 279, 78, 298, 47, 261, 63, 19, 236, 143, 64, 101, 18, 9, 0, 180, 168, 139, 131, 115, 147, 60, 120, 58, 328, 11, 108, 110, 471, 297, 193, 125, 215, 22, 195, 396, 310, 275, 89, 7, 197, 123, 112, 159, 333, 250, 392, 88, 460, 67, 20, 77, 144, 117, 363, 204, 255, 336, 386, 412, 162, 455, 296, 320, 124, 290, 186, 498, 65, 245, 254, 90, 426, 367, 27, 335, 12, 304, 33, 55, 86, 285, 75, 145, 225, 133, 122, 85, 126, 221, 191, 14, 94, 283, 512, 44, 318, 29, 39, 3, 211, 87, 355, 130, 13, 167, 226, 560, 136, 413, 438, 467, 160, 175, 454, 179, 80, 473, 158, 148, 107, 530, 258, 76, 552, 391, 315, 212, 73, 59, 485, 377, 253, 184, 378, 150, 232, 362, 323, 74, 388, 622, 104, 381, 36, 457, 351, 390, 331, 484, 353, 48, 303, 137, 510, 311, 506, 394, 234, 607, 111, 34, 239, 287, 458, 494, 190, 152, 410, 166, 356, 96, 354, 425, 373, 134, 119, 270, 106, 266, 584, 430, 420, 233, 437, 269, 37, 194, 196, 364, 200, 72, 379, 289, 198, 267, 153, 229, 68, 528, 97, 149, 21, 322, 155, 489, 141, 151, 35, 325, 207, 654, 295, 593, 468, 407, 341, 461, 534, 588, 79, 445, 277, 240, 480, 349, 675, 15, 393, 553, 423, 238, 459, 374, 450, 554, 398, 375, 132, 202, 246"
flaubert_base_cased,50%,768,384,"5, 31, 102, 24, 140, 2, 26, 113, 45, 57, 181, 38, 84, 228, 28, 52, 46, 154, 1, 223, 56, 95, 173, 105, 98, 70, 279, 78, 298, 47, 261, 63, 19, 236, 143, 64, 101, 18, 9, 0, 180, 168, 139, 131, 115, 147, 60, 120, 58, 328, 11, 108, 110, 471, 297, 193, 125, 215, 22, 195, 396, 310, 275, 89, 7, 197, 123, 112, 159, 333, 250, 392, 88, 460, 67, 20, 77, 144, 117, 363, 204, 255, 336, 386, 412, 162, 455, 296, 320, 124, 290, 186, 498, 65, 245, 254, 90, 426, 367, 27, 335, 12, 304, 33, 55, 86, 285, 75, 145, 225, 133, 122, 85, 126, 221, 191, 14, 94, 283, 512, 44, 318, 29, 39, 3, 211, 87, 355, 130, 13, 167, 226, 560, 136, 413, 438, 467, 160, 175, 454, 179, 80, 473, 158, 148, 107, 530, 258, 76, 552, 391, 315, 212, 73, 59, 485, 377, 253, 184, 378, 150, 232, 362, 323, 74, 388, 622, 104, 381, 36, 457, 351, 390, 331, 484, 353, 48, 303, 137, 510, 311, 506, 394, 234, 607, 111, 34, 239, 287, 458, 494, 190, 152, 410, 166, 356, 96, 354, 425, 373, 134, 119, 270, 106, 266, 584, 430, 420, 233, 437, 269, 37, 194, 196, 364, 200, 72, 379, 289, 198, 267, 153, 229, 68, 528, 97, 149, 21, 322, 155, 489, 141, 151, 35, 325, 207, 654, 295, 593, 468, 407, 341, 461, 534, 588, 79, 445, 277, 240, 480, 349, 675, 15, 393, 553, 423, 238, 459, 374, 450, 554, 398, 375, 132, 202, 246, 401, 384, 748, 573, 342, 156, 40, 452, 309, 488, 16, 501, 503, 643, 199, 314, 421, 527, 431, 174, 306, 764, 591, 208, 188, 400, 340, 659, 192, 428, 329, 604, 293, 43, 508, 282, 543, 51, 681, 288, 308, 368, 469, 263, 641, 81, 626, 483, 274, 316, 62, 580, 630, 645, 520, 592, 549, 575, 185, 385, 327, 689, 699, 440, 581, 268, 365, 169, 54, 571, 146, 164, 300, 636, 135, 495, 695, 360, 30, 713, 429, 262, 163, 582, 165, 247, 405, 273, 424, 399, 589, 631, 337, 449, 243, 294, 603, 526, 516, 754, 189, 505, 231, 432, 499, 668, 82, 330, 307, 541, 441, 623, 707, 619, 419, 395, 183, 742, 705, 157, 497, 359, 416, 609, 548, 292, 749, 693, 627, 32, 676, 71, 849, 472, 718, 4, 683, 475, 350, 100, 617, 284, 491, 257, 443, 214, 690, 853, 783, 672, 841, 481, 605, 653, 576, 628, 735, 714, 242, 854, 317, 755, 404, 389, 633, 230, 217, 414, 646, 772, 252, 439, 321, 470, 564, 600, 346, 227, 387, 651, 121, 572, 559, 170, 744, 244, 779, 372, 417, 733, 680, 756, 251, 625, 620, 326, 278, 235, 687, 722, 220, 281, 42, 127, 719, 567, 477, 544, 703, 406, 462, 142, 241, 587, 800, 679, 203, 613, 616, 758, 826, 608, 434, 478, 418, 519, 237, 224, 811, 249, 99, 601, 709, 256, 700, 357, 504, 663, 716, 538, 597, 583, 436, 176, 562, 206"
flaubert_base_cased,75%,768,576,"5, 31, 102, 24, 140, 2, 26, 113, 45, 57, 181, 38, 84, 228, 28, 52, 46, 154, 1, 223, 56, 95, 173, 105, 98, 70, 279, 78, 298, 47, 261, 63, 19, 236, 143, 64, 101, 18, 9, 0, 180, 168, 139, 131, 115, 147, 60, 120, 58, 328, 11, 108, 110, 471, 297, 193, 125, 215, 22, 195, 396, 310, 275, 89, 7, 197, 123, 112, 159, 333, 250, 392, 88, 460, 67, 20, 77, 144, 117, 363, 204, 255, 336, 386, 412, 162, 455, 296, 320, 124, 290, 186, 498, 65, 245, 254, 90, 426, 367, 27, 335, 12, 304, 33, 55, 86, 285, 75, 145, 225, 133, 122, 85, 126, 221, 191, 14, 94, 283, 512, 44, 318, 29, 39, 3, 211, 87, 355, 130, 13, 167, 226, 560, 136, 413, 438, 467, 160, 175, 454, 179, 80, 473, 158, 148, 107, 530, 258, 76, 552, 391, 315, 212, 73, 59, 485, 377, 253, 184, 378, 150, 232, 362, 323, 74, 388, 622, 104, 381, 36, 457, 351, 390, 331, 484, 353, 48, 303, 137, 510, 311, 506, 394, 234, 607, 111, 34, 239, 287, 458, 494, 190, 152, 410, 166, 356, 96, 354, 425, 373, 134, 119, 270, 106, 266, 584, 430, 420, 233, 437, 269, 37, 194, 196, 364, 200, 72, 379, 289, 198, 267, 153, 229, 68, 528, 97, 149, 21, 322, 155, 489, 141, 151, 35, 325, 207, 654, 295, 593, 468, 407, 341, 461, 534, 588, 79, 445, 277, 240, 480, 349, 675, 15, 393, 553, 423, 238, 459, 374, 450, 554, 398, 375, 132, 202, 246, 401, 384, 748, 573, 342, 156, 40, 452, 309, 488, 16, 501, 503, 643, 199, 314, 421, 527, 431, 174, 306, 764, 591, 208, 188, 400, 340, 659, 192, 428, 329, 604, 293, 43, 508, 282, 543, 51, 681, 288, 308, 368, 469, 263, 641, 81, 626, 483, 274, 316, 62, 580, 630, 645, 520, 592, 549, 575, 185, 385, 327, 689, 699, 440, 581, 268, 365, 169, 54, 571, 146, 164, 300, 636, 135, 495, 695, 360, 30, 713, 429, 262, 163, 582, 165, 247, 405, 273, 424, 399, 589, 631, 337, 449, 243, 294, 603, 526, 516, 754, 189, 505, 231, 432, 499, 668, 82, 330, 307, 541, 441, 623, 707, 619, 419, 395, 183, 742, 705, 157, 497, 359, 416, 609, 548, 292, 749, 693, 627, 32, 676, 71, 849, 472, 718, 4, 683, 475, 350, 100, 617, 284, 491, 257, 443, 214, 690, 853, 783, 672, 841, 481, 605, 653, 576, 628, 735, 714, 242, 854, 317, 755, 404, 389, 633, 230, 217, 414, 646, 772, 252, 439, 321, 470, 564, 600, 346, 227, 387, 651, 121, 572, 559, 170, 744, 244, 779, 372, 417, 733, 680, 756, 251, 625, 620, 326, 278, 235, 687, 722, 220, 281, 42, 127, 719, 567, 477, 544, 703, 406, 462, 142, 241, 587, 800, 679, 203, 613, 616, 758, 826, 608, 434, 478, 418, 519, 237, 224, 811, 249, 99, 601, 709, 256, 700, 357, 504, 663, 716, 538, 597, 583, 436, 176, 562, 206, 463, 812, 259, 433, 611, 61, 464, 409, 868, 182, 210, 482, 844, 655, 686, 734, 343, 751, 860, 701, 864, 637, 692, 213, 513, 846, 129, 557, 490, 382, 361, 92, 842, 702, 493, 376, 869, 444, 23, 648, 17, 669, 546, 784, 794, 291, 161, 500, 666, 595, 706, 264, 586, 272, 319, 41, 808, 271, 83, 792, 305, 415, 585, 790, 644, 523, 521, 128, 673, 814, 717, 486, 578, 496, 738, 780, 674, 551, 302, 760, 867, 777, 177, 313, 662, 427, 798, 599, 610, 618, 533, 525, 371, 762, 746, 561, 629, 743, 810, 715, 880, 531, 518, 682, 652, 542, 731, 770, 93, 280, 301, 299, 822, 171, 809, 741, 778, 447, 286, 759, 872, 474, 109, 817, 888, 453, 606, 614, 339, 771, 456, 813, 222, 369, 851, 466, 451, 797, 712, 720, 660, 710, 684, 691, 823, 422, 832, 863, 773, 502, 446, 265, 737, 577, 218, 739, 696, 91, 850, 803, 624, 338, 793, 638, 752, 834, 757, 540, 201, 332, 558, 492, 555, 10, 657, 875, 465, 839, 524, 53, 563, 476, 665, 370, 658, 537, 786, 835, 545, 178, 550, 805, 745, 791, 634, 887, 69, 535, 685, 753, 649, 787, 347, 324, 711, 829, 788, 818, 517, 774, 594, 602, 487, 647, 736, 529, 833, 830, 570, 661, 870, 747, 579, 694, 723, 639, 807, 838, 861, 815, 859, 708, 730, 677, 344, 897, 632, 209, 837, 678, 260, 802, 896, 640, 845, 795, 615, 568, 886, 765, 789, 866, 511, 642, 828, 761"
flaubert_base_uncased,1%,768,7,"0, 3, 69, 14, 32, 83, 79, 93, 170, 17"
flaubert_base_uncased,2%,768,15,"0, 3, 69, 14, 32, 83, 79, 93, 170, 17, 4, 92, 81, 129, 82, 10, 16, 210, 164, 12"
flaubert_base_uncased,4%,768,30,"0, 3, 69, 14, 32, 83, 79, 93, 170, 17, 4, 92, 81, 129, 82, 10, 16, 210, 164, 12, 286, 121, 1, 291, 109, 259, 142, 9, 192, 43, 302, 218, 91, 260, 68, 21, 427, 11, 37, 257"
flaubert_base_uncased,5%,768,38,"0, 3, 69, 14, 32, 83, 79, 93, 170, 17, 4, 92, 81, 129, 82, 10, 16, 210, 164, 12, 286, 121, 1, 291, 109, 259, 142, 9, 192, 43, 302, 218, 91, 260, 68, 21, 427, 11, 37, 257, 36, 203, 106, 189, 72, 153, 22, 20, 13, 97, 56"
flaubert_base_uncased,6%,768,46,"0, 3, 69, 14, 32, 83, 79, 93, 170, 17, 4, 92, 81, 129, 82, 10, 16, 210, 164, 12, 286, 121, 1, 291, 109, 259, 142, 9, 192, 43, 302, 218, 91, 260, 68, 21, 427, 11, 37, 257, 36, 203, 106, 189, 72, 153, 22, 20, 13, 97, 56, 524, 29, 209, 40, 62, 306, 294, 207, 178, 406"
flaubert_base_uncased,8%,768,61,"0, 3, 69, 14, 32, 83, 79, 93, 170, 17, 4, 92, 81, 129, 82, 10, 16, 210, 164, 12, 286, 121, 1, 291, 109, 259, 142, 9, 192, 43, 302, 218, 91, 260, 68, 21, 427, 11, 37, 257, 36, 203, 106, 189, 72, 153, 22, 20, 13, 97, 56, 524, 29, 209, 40, 62, 306, 294, 207, 178, 406, 191, 224, 127, 439, 42, 241, 35, 33, 96, 160, 324, 340, 112, 111, 27, 463, 80, 280, 222, 327"
flaubert_base_uncased,10%,768,76,"0, 3, 69, 14, 32, 83, 79, 93, 170, 17, 4, 92, 81, 129, 82, 10, 16, 210, 164, 12, 286, 121, 1, 291, 109, 259, 142, 9, 192, 43, 302, 218, 91, 260, 68, 21, 427, 11, 37, 257, 36, 203, 106, 189, 72, 153, 22, 20, 13, 97, 56, 524, 29, 209, 40, 62, 306, 294, 207, 178, 406, 191, 224, 127, 439, 42, 241, 35, 33, 96, 160, 324, 340, 112, 111, 27, 463, 80, 280, 222, 327, 220, 60, 98, 371, 272, 243, 23, 15, 201, 212, 26, 370, 47, 184, 188, 208, 44, 100, 171, 465, 76"
flaubert_base_uncased,12%,768,92,"0, 3, 69, 14, 32, 83, 79, 93, 170, 17, 4, 92, 81, 129, 82, 10, 16, 210, 164, 12, 286, 121, 1, 291, 109, 259, 142, 9, 192, 43, 302, 218, 91, 260, 68, 21, 427, 11, 37, 257, 36, 203, 106, 189, 72, 153, 22, 20, 13, 97, 56, 524, 29, 209, 40, 62, 306, 294, 207, 178, 406, 191, 224, 127, 439, 42, 241, 35, 33, 96, 160, 324, 340, 112, 111, 27, 463, 80, 280, 222, 327, 220, 60, 98, 371, 272, 243, 23, 15, 201, 212, 26, 370, 47, 184, 188, 208, 44, 100, 171, 465, 76, 166, 175, 447, 519, 281, 511, 185, 41, 337, 55, 268, 177, 346, 432, 38, 2, 30, 90, 262, 101"
flaubert_base_uncased,14%,768,107,"0, 3, 69, 14, 32, 83, 79, 93, 170, 17, 4, 92, 81, 129, 82, 10, 16, 210, 164, 12, 286, 121, 1, 291, 109, 259, 142, 9, 192, 43, 302, 218, 91, 260, 68, 21, 427, 11, 37, 257, 36, 203, 106, 189, 72, 153, 22, 20, 13, 97, 56, 524, 29, 209, 40, 62, 306, 294, 207, 178, 406, 191, 224, 127, 439, 42, 241, 35, 33, 96, 160, 324, 340, 112, 111, 27, 463, 80, 280, 222, 327, 220, 60, 98, 371, 272, 243, 23, 15, 201, 212, 26, 370, 47, 184, 188, 208, 44, 100, 171, 465, 76, 166, 175, 447, 519, 281, 511, 185, 41, 337, 55, 268, 177, 346, 432, 38, 2, 30, 90, 262, 101, 104, 365, 369, 165, 146, 434, 58, 251, 385, 176, 271, 505, 469, 495, 499, 518, 344, 517, 130, 620, 34"
flaubert_base_uncased,16%,768,122,"0, 3, 69, 14, 32, 83, 79, 93, 170, 17, 4, 92, 81, 129, 82, 10, 16, 210, 164, 12, 286, 121, 1, 291, 109, 259, 142, 9, 192, 43, 302, 218, 91, 260, 68, 21, 427, 11, 37, 257, 36, 203, 106, 189, 72, 153, 22, 20, 13, 97, 56, 524, 29, 209, 40, 62, 306, 294, 207, 178, 406, 191, 224, 127, 439, 42, 241, 35, 33, 96, 160, 324, 340, 112, 111, 27, 463, 80, 280, 222, 327, 220, 60, 98, 371, 272, 243, 23, 15, 201, 212, 26, 370, 47, 184, 188, 208, 44, 100, 171, 465, 76, 166, 175, 447, 519, 281, 511, 185, 41, 337, 55, 268, 177, 346, 432, 38, 2, 30, 90, 262, 101, 104, 365, 369, 165, 146, 434, 58, 251, 385, 176, 271, 505, 469, 495, 499, 518, 344, 517, 130, 620, 34, 361, 500, 315, 94, 338, 65, 231, 128, 75, 194, 436, 167, 529, 31, 331, 444, 86, 273, 53, 134"
flaubert_base_uncased,18%,768,138,"0, 3, 69, 14, 32, 83, 79, 93, 170, 17, 4, 92, 81, 129, 82, 10, 16, 210, 164, 12, 286, 121, 1, 291, 109, 259, 142, 9, 192, 43, 302, 218, 91, 260, 68, 21, 427, 11, 37, 257, 36, 203, 106, 189, 72, 153, 22, 20, 13, 97, 56, 524, 29, 209, 40, 62, 306, 294, 207, 178, 406, 191, 224, 127, 439, 42, 241, 35, 33, 96, 160, 324, 340, 112, 111, 27, 463, 80, 280, 222, 327, 220, 60, 98, 371, 272, 243, 23, 15, 201, 212, 26, 370, 47, 184, 188, 208, 44, 100, 171, 465, 76, 166, 175, 447, 519, 281, 511, 185, 41, 337, 55, 268, 177, 346, 432, 38, 2, 30, 90, 262, 101, 104, 365, 369, 165, 146, 434, 58, 251, 385, 176, 271, 505, 469, 495, 499, 518, 344, 517, 130, 620, 34, 361, 500, 315, 94, 338, 65, 231, 128, 75, 194, 436, 167, 529, 31, 331, 444, 86, 273, 53, 134, 533, 316, 19, 151, 136, 289, 244, 234, 550, 132, 285, 339, 152, 557, 48, 599, 382, 374, 199, 238, 233"
flaubert_base_uncased,20%,768,153,"0, 3, 69, 14, 32, 83, 79, 93, 170, 17, 4, 92, 81, 129, 82, 10, 16, 210, 164, 12, 286, 121, 1, 291, 109, 259, 142, 9, 192, 43, 302, 218, 91, 260, 68, 21, 427, 11, 37, 257, 36, 203, 106, 189, 72, 153, 22, 20, 13, 97, 56, 524, 29, 209, 40, 62, 306, 294, 207, 178, 406, 191, 224, 127, 439, 42, 241, 35, 33, 96, 160, 324, 340, 112, 111, 27, 463, 80, 280, 222, 327, 220, 60, 98, 371, 272, 243, 23, 15, 201, 212, 26, 370, 47, 184, 188, 208, 44, 100, 171, 465, 76, 166, 175, 447, 519, 281, 511, 185, 41, 337, 55, 268, 177, 346, 432, 38, 2, 30, 90, 262, 101, 104, 365, 369, 165, 146, 434, 58, 251, 385, 176, 271, 505, 469, 495, 499, 518, 344, 517, 130, 620, 34, 361, 500, 315, 94, 338, 65, 231, 128, 75, 194, 436, 167, 529, 31, 331, 444, 86, 273, 53, 134, 533, 316, 19, 151, 136, 289, 244, 234, 550, 132, 285, 339, 152, 557, 48, 599, 382, 374, 199, 238, 233, 486, 404, 661, 292, 446, 502, 122, 359, 229, 342, 145, 131, 89, 309, 418, 606, 182, 449, 472, 304"
flaubert_base_uncased,22%,768,168,"0, 3, 69, 14, 32, 83, 79, 93, 170, 17, 4, 92, 81, 129, 82, 10, 16, 210, 164, 12, 286, 121, 1, 291, 109, 259, 142, 9, 192, 43, 302, 218, 91, 260, 68, 21, 427, 11, 37, 257, 36, 203, 106, 189, 72, 153, 22, 20, 13, 97, 56, 524, 29, 209, 40, 62, 306, 294, 207, 178, 406, 191, 224, 127, 439, 42, 241, 35, 33, 96, 160, 324, 340, 112, 111, 27, 463, 80, 280, 222, 327, 220, 60, 98, 371, 272, 243, 23, 15, 201, 212, 26, 370, 47, 184, 188, 208, 44, 100, 171, 465, 76, 166, 175, 447, 519, 281, 511, 185, 41, 337, 55, 268, 177, 346, 432, 38, 2, 30, 90, 262, 101, 104, 365, 369, 165, 146, 434, 58, 251, 385, 176, 271, 505, 469, 495, 499, 518, 344, 517, 130, 620, 34, 361, 500, 315, 94, 338, 65, 231, 128, 75, 194, 436, 167, 529, 31, 331, 444, 86, 273, 53, 134, 533, 316, 19, 151, 136, 289, 244, 234, 550, 132, 285, 339, 152, 557, 48, 599, 382, 374, 199, 238, 233, 486, 404, 661, 292, 446, 502, 122, 359, 229, 342, 145, 131, 89, 309, 418, 606, 182, 449, 472, 304, 284, 64, 387, 602, 527, 416, 28, 640, 551, 247, 169, 424, 378, 326, 487, 314, 317, 562, 149, 235, 464"
flaubert_base_uncased,24%,768,184,"0, 3, 69, 14, 32, 83, 79, 93, 170, 17, 4, 92, 81, 129, 82, 10, 16, 210, 164, 12, 286, 121, 1, 291, 109, 259, 142, 9, 192, 43, 302, 218, 91, 260, 68, 21, 427, 11, 37, 257, 36, 203, 106, 189, 72, 153, 22, 20, 13, 97, 56, 524, 29, 209, 40, 62, 306, 294, 207, 178, 406, 191, 224, 127, 439, 42, 241, 35, 33, 96, 160, 324, 340, 112, 111, 27, 463, 80, 280, 222, 327, 220, 60, 98, 371, 272, 243, 23, 15, 201, 212, 26, 370, 47, 184, 188, 208, 44, 100, 171, 465, 76, 166, 175, 447, 519, 281, 511, 185, 41, 337, 55, 268, 177, 346, 432, 38, 2, 30, 90, 262, 101, 104, 365, 369, 165, 146, 434, 58, 251, 385, 176, 271, 505, 469, 495, 499, 518, 344, 517, 130, 620, 34, 361, 500, 315, 94, 338, 65, 231, 128, 75, 194, 436, 167, 529, 31, 331, 444, 86, 273, 53, 134, 533, 316, 19, 151, 136, 289, 244, 234, 550, 132, 285, 339, 152, 557, 48, 599, 382, 374, 199, 238, 233, 486, 404, 661, 292, 446, 502, 122, 359, 229, 342, 145, 131, 89, 309, 418, 606, 182, 449, 472, 304, 284, 64, 387, 602, 527, 416, 28, 640, 551, 247, 169, 424, 378, 326, 487, 314, 317, 562, 149, 235, 464, 71, 710, 350, 555, 712, 745, 63, 470, 137, 252, 39, 108, 200, 179, 788, 278, 253, 401, 282, 789"
flaubert_base_uncased,25%,768,192,"0, 3, 69, 14, 32, 83, 79, 93, 170, 17, 4, 92, 81, 129, 82, 10, 16, 210, 164, 12, 286, 121, 1, 291, 109, 259, 142, 9, 192, 43, 302, 218, 91, 260, 68, 21, 427, 11, 37, 257, 36, 203, 106, 189, 72, 153, 22, 20, 13, 97, 56, 524, 29, 209, 40, 62, 306, 294, 207, 178, 406, 191, 224, 127, 439, 42, 241, 35, 33, 96, 160, 324, 340, 112, 111, 27, 463, 80, 280, 222, 327, 220, 60, 98, 371, 272, 243, 23, 15, 201, 212, 26, 370, 47, 184, 188, 208, 44, 100, 171, 465, 76, 166, 175, 447, 519, 281, 511, 185, 41, 337, 55, 268, 177, 346, 432, 38, 2, 30, 90, 262, 101, 104, 365, 369, 165, 146, 434, 58, 251, 385, 176, 271, 505, 469, 495, 499, 518, 344, 517, 130, 620, 34, 361, 500, 315, 94, 338, 65, 231, 128, 75, 194, 436, 167, 529, 31, 331, 444, 86, 273, 53, 134, 533, 316, 19, 151, 136, 289, 244, 234, 550, 132, 285, 339, 152, 557, 48, 599, 382, 374, 199, 238, 233, 486, 404, 661, 292, 446, 502, 122, 359, 229, 342, 145, 131, 89, 309, 418, 606, 182, 449, 472, 304, 284, 64, 387, 602, 527, 416, 28, 640, 551, 247, 169, 424, 378, 326, 487, 314, 317, 562, 149, 235, 464, 71, 710, 350, 555, 712, 745, 63, 470, 137, 252, 39, 108, 200, 179, 788, 278, 253, 401, 282, 789, 270, 723, 215, 478, 226, 162, 389, 183, 196, 110, 267"
flaubert_base_uncased,26%,768,199,"0, 3, 69, 14, 32, 83, 79, 93, 170, 17, 4, 92, 81, 129, 82, 10, 16, 210, 164, 12, 286, 121, 1, 291, 109, 259, 142, 9, 192, 43, 302, 218, 91, 260, 68, 21, 427, 11, 37, 257, 36, 203, 106, 189, 72, 153, 22, 20, 13, 97, 56, 524, 29, 209, 40, 62, 306, 294, 207, 178, 406, 191, 224, 127, 439, 42, 241, 35, 33, 96, 160, 324, 340, 112, 111, 27, 463, 80, 280, 222, 327, 220, 60, 98, 371, 272, 243, 23, 15, 201, 212, 26, 370, 47, 184, 188, 208, 44, 100, 171, 465, 76, 166, 175, 447, 519, 281, 511, 185, 41, 337, 55, 268, 177, 346, 432, 38, 2, 30, 90, 262, 101, 104, 365, 369, 165, 146, 434, 58, 251, 385, 176, 271, 505, 469, 495, 499, 518, 344, 517, 130, 620, 34, 361, 500, 315, 94, 338, 65, 231, 128, 75, 194, 436, 167, 529, 31, 331, 444, 86, 273, 53, 134, 533, 316, 19, 151, 136, 289, 244, 234, 550, 132, 285, 339, 152, 557, 48, 599, 382, 374, 199, 238, 233, 486, 404, 661, 292, 446, 502, 122, 359, 229, 342, 145, 131, 89, 309, 418, 606, 182, 449, 472, 304, 284, 64, 387, 602, 527, 416, 28, 640, 551, 247, 169, 424, 378, 326, 487, 314, 317, 562, 149, 235, 464, 71, 710, 350, 555, 712, 745, 63, 470, 137, 252, 39, 108, 200, 179, 788, 278, 253, 401, 282, 789, 270, 723, 215, 478, 226, 162, 389, 183, 196, 110, 267, 157, 543, 546, 443, 709, 335, 637, 85, 708, 537"
flaubert_base_uncased,50%,768,384,"0, 3, 69, 14, 32, 83, 79, 93, 170, 17, 4, 92, 81, 129, 82, 10, 16, 210, 164, 12, 286, 121, 1, 291, 109, 259, 142, 9, 192, 43, 302, 218, 91, 260, 68, 21, 427, 11, 37, 257, 36, 203, 106, 189, 72, 153, 22, 20, 13, 97, 56, 524, 29, 209, 40, 62, 306, 294, 207, 178, 406, 191, 224, 127, 439, 42, 241, 35, 33, 96, 160, 324, 340, 112, 111, 27, 463, 80, 280, 222, 327, 220, 60, 98, 371, 272, 243, 23, 15, 201, 212, 26, 370, 47, 184, 188, 208, 44, 100, 171, 465, 76, 166, 175, 447, 519, 281, 511, 185, 41, 337, 55, 268, 177, 346, 432, 38, 2, 30, 90, 262, 101, 104, 365, 369, 165, 146, 434, 58, 251, 385, 176, 271, 505, 469, 495, 499, 518, 344, 517, 130, 620, 34, 361, 500, 315, 94, 338, 65, 231, 128, 75, 194, 436, 167, 529, 31, 331, 444, 86, 273, 53, 134, 533, 316, 19, 151, 136, 289, 244, 234, 550, 132, 285, 339, 152, 557, 48, 599, 382, 374, 199, 238, 233, 486, 404, 661, 292, 446, 502, 122, 359, 229, 342, 145, 131, 89, 309, 418, 606, 182, 449, 472, 304, 284, 64, 387, 602, 527, 416, 28, 640, 551, 247, 169, 424, 378, 326, 487, 314, 317, 562, 149, 235, 464, 71, 710, 350, 555, 712, 745, 63, 470, 137, 252, 39, 108, 200, 179, 788, 278, 253, 401, 282, 789, 270, 723, 215, 478, 226, 162, 389, 183, 196, 110, 267, 157, 543, 546, 443, 709, 335, 637, 85, 708, 537, 135, 349, 711, 743, 126, 492, 614, 441, 541, 682, 475, 377, 417, 619, 645, 462, 572, 384, 168, 214, 356, 275, 425, 221, 423, 88, 163, 597, 150, 520, 594, 616, 54, 601, 308, 658, 660, 232, 608, 676, 466, 761, 246, 535, 737, 161, 376, 696, 155, 692, 74, 174, 477, 293, 277, 141, 357, 587, 648, 618, 585, 73, 274, 318, 379, 813, 628, 559, 373, 400, 525, 563, 481, 665, 503, 516, 311, 360, 643, 288, 368, 468, 120, 609, 181, 700, 381, 807, 674, 548, 742, 99, 476, 668, 429, 544, 52, 657, 795, 453, 303, 617, 139, 686, 198, 332, 59, 105, 393, 124, 450, 802, 570, 715, 250, 242, 833, 296, 405, 663, 850, 322, 414, 78, 459, 269, 421, 777, 217, 542, 51, 147, 758, 490, 531, 689, 258, 513, 264, 437, 629, 678, 818, 301, 330, 295, 255, 675, 433, 722, 731, 791, 202, 297, 372, 778, 240, 213, 809, 159, 364, 84, 225, 838, 630, 839, 733, 18, 793, 482, 410, 830, 420, 751, 347, 649, 780, 390, 415, 842, 300, 115, 143, 595, 123, 580, 523, 639, 592, 419, 861, 540, 652, 770, 730, 266, 815, 734, 504, 581, 603, 290, 717, 706, 480, 24, 530, 669, 591, 735, 762, 456, 354, 560, 792, 67, 305, 747, 396, 407, 790, 798, 489, 810, 526, 822, 113, 655, 298, 343, 249, 144, 158, 672, 45, 430, 625, 773, 491, 549, 206, 265, 211, 438, 756, 800"
flaubert_base_uncased,75%,768,576,"0, 3, 69, 14, 32, 83, 79, 93, 170, 17, 4, 92, 81, 129, 82, 10, 16, 210, 164, 12, 286, 121, 1, 291, 109, 259, 142, 9, 192, 43, 302, 218, 91, 260, 68, 21, 427, 11, 37, 257, 36, 203, 106, 189, 72, 153, 22, 20, 13, 97, 56, 524, 29, 209, 40, 62, 306, 294, 207, 178, 406, 191, 224, 127, 439, 42, 241, 35, 33, 96, 160, 324, 340, 112, 111, 27, 463, 80, 280, 222, 327, 220, 60, 98, 371, 272, 243, 23, 15, 201, 212, 26, 370, 47, 184, 188, 208, 44, 100, 171, 465, 76, 166, 175, 447, 519, 281, 511, 185, 41, 337, 55, 268, 177, 346, 432, 38, 2, 30, 90, 262, 101, 104, 365, 369, 165, 146, 434, 58, 251, 385, 176, 271, 505, 469, 495, 499, 518, 344, 517, 130, 620, 34, 361, 500, 315, 94, 338, 65, 231, 128, 75, 194, 436, 167, 529, 31, 331, 444, 86, 273, 53, 134, 533, 316, 19, 151, 136, 289, 244, 234, 550, 132, 285, 339, 152, 557, 48, 599, 382, 374, 199, 238, 233, 486, 404, 661, 292, 446, 502, 122, 359, 229, 342, 145, 131, 89, 309, 418, 606, 182, 449, 472, 304, 284, 64, 387, 602, 527, 416, 28, 640, 551, 247, 169, 424, 378, 326, 487, 314, 317, 562, 149, 235, 464, 71, 710, 350, 555, 712, 745, 63, 470, 137, 252, 39, 108, 200, 179, 788, 278, 253, 401, 282, 789, 270, 723, 215, 478, 226, 162, 389, 183, 196, 110, 267, 157, 543, 546, 443, 709, 335, 637, 85, 708, 537, 135, 349, 711, 743, 126, 492, 614, 441, 541, 682, 475, 377, 417, 619, 645, 462, 572, 384, 168, 214, 356, 275, 425, 221, 423, 88, 163, 597, 150, 520, 594, 616, 54, 601, 308, 658, 660, 232, 608, 676, 466, 761, 246, 535, 737, 161, 376, 696, 155, 692, 74, 174, 477, 293, 277, 141, 357, 587, 648, 618, 585, 73, 274, 318, 379, 813, 628, 559, 373, 400, 525, 563, 481, 665, 503, 516, 311, 360, 643, 288, 368, 468, 120, 609, 181, 700, 381, 807, 674, 548, 742, 99, 476, 668, 429, 544, 52, 657, 795, 453, 303, 617, 139, 686, 198, 332, 59, 105, 393, 124, 450, 802, 570, 715, 250, 242, 833, 296, 405, 663, 850, 322, 414, 78, 459, 269, 421, 777, 217, 542, 51, 147, 758, 490, 531, 689, 258, 513, 264, 437, 629, 678, 818, 301, 330, 295, 255, 675, 433, 722, 731, 791, 202, 297, 372, 778, 240, 213, 809, 159, 364, 84, 225, 838, 630, 839, 733, 18, 793, 482, 410, 830, 420, 751, 347, 649, 780, 390, 415, 842, 300, 115, 143, 595, 123, 580, 523, 639, 592, 419, 861, 540, 652, 770, 730, 266, 815, 734, 504, 581, 603, 290, 717, 706, 480, 24, 530, 669, 591, 735, 762, 456, 354, 560, 792, 67, 305, 747, 396, 407, 790, 798, 489, 810, 526, 822, 113, 655, 298, 343, 249, 144, 158, 672, 45, 430, 625, 773, 491, 549, 206, 265, 211, 438, 756, 800, 440, 765, 623, 117, 431, 501, 703, 866, 133, 607, 57, 458, 786, 474, 394, 552, 752, 567, 634, 521, 659, 375, 604, 561, 568, 757, 817, 473, 510, 577, 319, 673, 578, 239, 498, 237, 860, 615, 680, 638, 571, 720, 695, 488, 61, 186, 834, 653, 299, 307, 409, 772, 496, 613, 684, 719, 803, 693, 679, 102, 744, 575, 636, 353, 837, 683, 341, 651, 413, 391, 336, 156, 230, 323, 422, 512, 5, 870, 245, 484, 236, 739, 223, 452, 811, 154, 868, 538, 685, 805, 584, 263, 582, 687, 173, 699, 227, 283, 644, 325, 461, 633, 605, 428, 261, 77, 46, 746, 386, 888, 588, 841, 646, 624, 662, 483, 631, 228, 426, 886, 611, 787, 494, 854, 694, 313, 362, 107, 691, 451, 528, 716, 586, 399, 351, 783, 460, 681, 493, 627, 736, 363, 445, 545, 754, 641, 333, 388, 832, 70, 846, 812, 764, 774, 829, 193, 867, 125, 835, 748, 610, 140, 779, 506, 714, 457, 310, 702, 701, 195, 87, 398, 392, 497, 454, 808, 826, 784, 654, 859, 573, 647, 412, 589, 760, 534, 755, 148, 626, 329, 485, 741, 508, 896, 713, 622, 887, 355, 814, 863, 180, 875, 190, 579, 666, 853, 328, 849, 321, 279, 844, 254, 707, 256, 395, 718, 753, 797, 576, 794, 897, 455, 823, 828, 690, 471, 872, 593, 600, 558, 880, 204, 642, 771, 320, 759, 287, 367, 95, 851, 7, 749, 119, 632, 197, 864, 845, 705, 677, 583, 554, 467, 738, 869, 553, 564"
flaubert_large_uncased,1%,1024,10,"21, 6, 8, 249, 25, 119, 7, 49, 50, 422"
flaubert_large_uncased,2%,1024,20,"21, 6, 8, 249, 25, 119, 7, 49, 50, 422, 66, 299, 103, 34, 114, 116, 118, 545, 4, 558"
flaubert_large_uncased,4%,1024,40,"21, 6, 8, 249, 25, 119, 7, 49, 50, 422, 66, 299, 103, 34, 114, 116, 118, 545, 4, 558, 39, 287, 138, 14, 172, 666, 526, 187, 615, 141, 415, 235, 237, 205, 496, 216, 283, 100, 219, 317"
flaubert_large_uncased,5%,1024,51,"21, 6, 8, 249, 25, 119, 7, 49, 50, 422, 66, 299, 103, 34, 114, 116, 118, 545, 4, 558, 39, 287, 138, 14, 172, 666, 526, 187, 615, 141, 415, 235, 237, 205, 496, 216, 283, 100, 219, 317, 17, 421, 248, 444, 611, 51, 644, 540, 144, 319, 276"
flaubert_large_uncased,6%,1024,61,"21, 6, 8, 249, 25, 119, 7, 49, 50, 422, 66, 299, 103, 34, 114, 116, 118, 545, 4, 558, 39, 287, 138, 14, 172, 666, 526, 187, 615, 141, 415, 235, 237, 205, 496, 216, 283, 100, 219, 317, 17, 421, 248, 444, 611, 51, 644, 540, 144, 319, 276, 158, 629, 525, 453, 142, 252, 583, 182, 121, 312"
flaubert_large_uncased,8%,1024,81,"21, 6, 8, 249, 25, 119, 7, 49, 50, 422, 66, 299, 103, 34, 114, 116, 118, 545, 4, 558, 39, 287, 138, 14, 172, 666, 526, 187, 615, 141, 415, 235, 237, 205, 496, 216, 283, 100, 219, 317, 17, 421, 248, 444, 611, 51, 644, 540, 144, 319, 276, 158, 629, 525, 453, 142, 252, 583, 182, 121, 312, 678, 307, 334, 198, 278, 1, 502, 345, 348, 240, 352, 624, 488, 358, 538, 200, 398, 366, 669, 53"
flaubert_large_uncased,10%,1024,102,"21, 6, 8, 249, 25, 119, 7, 49, 50, 422, 66, 299, 103, 34, 114, 116, 118, 545, 4, 558, 39, 287, 138, 14, 172, 666, 526, 187, 615, 141, 415, 235, 237, 205, 496, 216, 283, 100, 219, 317, 17, 421, 248, 444, 611, 51, 644, 540, 144, 319, 276, 158, 629, 525, 453, 142, 252, 583, 182, 121, 312, 678, 307, 334, 198, 278, 1, 502, 345, 348, 240, 352, 624, 488, 358, 538, 200, 398, 366, 669, 53, 380, 145, 383, 107, 125, 265, 201, 177, 397, 653, 402, 403, 408, 411, 388, 47, 594, 435, 529, 442, 691"
flaubert_large_uncased,12%,1024,122,"21, 6, 8, 249, 25, 119, 7, 49, 50, 422, 66, 299, 103, 34, 114, 116, 118, 545, 4, 558, 39, 287, 138, 14, 172, 666, 526, 187, 615, 141, 415, 235, 237, 205, 496, 216, 283, 100, 219, 317, 17, 421, 248, 444, 611, 51, 644, 540, 144, 319, 276, 158, 629, 525, 453, 142, 252, 583, 182, 121, 312, 678, 307, 334, 198, 278, 1, 502, 345, 348, 240, 352, 624, 488, 358, 538, 200, 398, 366, 669, 53, 380, 145, 383, 107, 125, 265, 201, 177, 397, 653, 402, 403, 408, 411, 388, 47, 594, 435, 529, 442, 691, 27, 359, 448, 52, 301, 476, 589, 550, 67, 746, 490, 537, 339, 174, 479, 417, 576, 274, 787, 507"
flaubert_large_uncased,14%,1024,143,"21, 6, 8, 249, 25, 119, 7, 49, 50, 422, 66, 299, 103, 34, 114, 116, 118, 545, 4, 558, 39, 287, 138, 14, 172, 666, 526, 187, 615, 141, 415, 235, 237, 205, 496, 216, 283, 100, 219, 317, 17, 421, 248, 444, 611, 51, 644, 540, 144, 319, 276, 158, 629, 525, 453, 142, 252, 583, 182, 121, 312, 678, 307, 334, 198, 278, 1, 502, 345, 348, 240, 352, 624, 488, 358, 538, 200, 398, 366, 669, 53, 380, 145, 383, 107, 125, 265, 201, 177, 397, 653, 402, 403, 408, 411, 388, 47, 594, 435, 529, 442, 691, 27, 359, 448, 52, 301, 476, 589, 550, 67, 746, 490, 537, 339, 174, 479, 417, 576, 274, 787, 507, 509, 357, 514, 515, 120, 61, 522, 70, 135, 508, 532, 69, 46, 62, 247, 146, 536, 539, 428, 547, 344"
flaubert_large_uncased,16%,1024,163,"21, 6, 8, 249, 25, 119, 7, 49, 50, 422, 66, 299, 103, 34, 114, 116, 118, 545, 4, 558, 39, 287, 138, 14, 172, 666, 526, 187, 615, 141, 415, 235, 237, 205, 496, 216, 283, 100, 219, 317, 17, 421, 248, 444, 611, 51, 644, 540, 144, 319, 276, 158, 629, 525, 453, 142, 252, 583, 182, 121, 312, 678, 307, 334, 198, 278, 1, 502, 345, 348, 240, 352, 624, 488, 358, 538, 200, 398, 366, 669, 53, 380, 145, 383, 107, 125, 265, 201, 177, 397, 653, 402, 403, 408, 411, 388, 47, 594, 435, 529, 442, 691, 27, 359, 448, 52, 301, 476, 589, 550, 67, 746, 490, 537, 339, 174, 479, 417, 576, 274, 787, 507, 509, 357, 514, 515, 120, 61, 522, 70, 135, 508, 532, 69, 46, 62, 247, 146, 536, 539, 428, 547, 344, 393, 556, 347, 16, 634, 19, 565, 284, 482, 13, 150, 246, 326, 566, 662, 636, 569, 197, 685, 242"
flaubert_large_uncased,18%,1024,184,"21, 6, 8, 249, 25, 119, 7, 49, 50, 422, 66, 299, 103, 34, 114, 116, 118, 545, 4, 558, 39, 287, 138, 14, 172, 666, 526, 187, 615, 141, 415, 235, 237, 205, 496, 216, 283, 100, 219, 317, 17, 421, 248, 444, 611, 51, 644, 540, 144, 319, 276, 158, 629, 525, 453, 142, 252, 583, 182, 121, 312, 678, 307, 334, 198, 278, 1, 502, 345, 348, 240, 352, 624, 488, 358, 538, 200, 398, 366, 669, 53, 380, 145, 383, 107, 125, 265, 201, 177, 397, 653, 402, 403, 408, 411, 388, 47, 594, 435, 529, 442, 691, 27, 359, 448, 52, 301, 476, 589, 550, 67, 746, 490, 537, 339, 174, 479, 417, 576, 274, 787, 507, 509, 357, 514, 515, 120, 61, 522, 70, 135, 508, 532, 69, 46, 62, 247, 146, 536, 539, 428, 547, 344, 393, 556, 347, 16, 634, 19, 565, 284, 482, 13, 150, 246, 326, 566, 662, 636, 569, 197, 685, 242, 176, 501, 574, 256, 218, 77, 736, 590, 215, 718, 266, 535, 596, 598, 186, 270, 346, 250, 178, 168, 329"
flaubert_large_uncased,20%,1024,204,"21, 6, 8, 249, 25, 119, 7, 49, 50, 422, 66, 299, 103, 34, 114, 116, 118, 545, 4, 558, 39, 287, 138, 14, 172, 666, 526, 187, 615, 141, 415, 235, 237, 205, 496, 216, 283, 100, 219, 317, 17, 421, 248, 444, 611, 51, 644, 540, 144, 319, 276, 158, 629, 525, 453, 142, 252, 583, 182, 121, 312, 678, 307, 334, 198, 278, 1, 502, 345, 348, 240, 352, 624, 488, 358, 538, 200, 398, 366, 669, 53, 380, 145, 383, 107, 125, 265, 201, 177, 397, 653, 402, 403, 408, 411, 388, 47, 594, 435, 529, 442, 691, 27, 359, 448, 52, 301, 476, 589, 550, 67, 746, 490, 537, 339, 174, 479, 417, 576, 274, 787, 507, 509, 357, 514, 515, 120, 61, 522, 70, 135, 508, 532, 69, 46, 62, 247, 146, 536, 539, 428, 547, 344, 393, 556, 347, 16, 634, 19, 565, 284, 482, 13, 150, 246, 326, 566, 662, 636, 569, 197, 685, 242, 176, 501, 574, 256, 218, 77, 736, 590, 215, 718, 266, 535, 596, 598, 186, 270, 346, 250, 178, 168, 329, 672, 627, 211, 273, 492, 147, 356, 143, 612, 626, 227, 375, 108, 621, 316, 475, 199, 647, 222, 828"
flaubert_large_uncased,22%,1024,225,"21, 6, 8, 249, 25, 119, 7, 49, 50, 422, 66, 299, 103, 34, 114, 116, 118, 545, 4, 558, 39, 287, 138, 14, 172, 666, 526, 187, 615, 141, 415, 235, 237, 205, 496, 216, 283, 100, 219, 317, 17, 421, 248, 444, 611, 51, 644, 540, 144, 319, 276, 158, 629, 525, 453, 142, 252, 583, 182, 121, 312, 678, 307, 334, 198, 278, 1, 502, 345, 348, 240, 352, 624, 488, 358, 538, 200, 398, 366, 669, 53, 380, 145, 383, 107, 125, 265, 201, 177, 397, 653, 402, 403, 408, 411, 388, 47, 594, 435, 529, 442, 691, 27, 359, 448, 52, 301, 476, 589, 550, 67, 746, 490, 537, 339, 174, 479, 417, 576, 274, 787, 507, 509, 357, 514, 515, 120, 61, 522, 70, 135, 508, 532, 69, 46, 62, 247, 146, 536, 539, 428, 547, 344, 393, 556, 347, 16, 634, 19, 565, 284, 482, 13, 150, 246, 326, 566, 662, 636, 569, 197, 685, 242, 176, 501, 574, 256, 218, 77, 736, 590, 215, 718, 266, 535, 596, 598, 186, 270, 346, 250, 178, 168, 329, 672, 627, 211, 273, 492, 147, 356, 143, 612, 626, 227, 375, 108, 621, 316, 475, 199, 647, 222, 828, 0, 451, 720, 217, 693, 360, 483, 635, 405, 581, 765, 563, 91, 649, 650, 487, 656, 271, 664, 214, 667"
flaubert_large_uncased,24%,1024,245,"21, 6, 8, 249, 25, 119, 7, 49, 50, 422, 66, 299, 103, 34, 114, 116, 118, 545, 4, 558, 39, 287, 138, 14, 172, 666, 526, 187, 615, 141, 415, 235, 237, 205, 496, 216, 283, 100, 219, 317, 17, 421, 248, 444, 611, 51, 644, 540, 144, 319, 276, 158, 629, 525, 453, 142, 252, 583, 182, 121, 312, 678, 307, 334, 198, 278, 1, 502, 345, 348, 240, 352, 624, 488, 358, 538, 200, 398, 366, 669, 53, 380, 145, 383, 107, 125, 265, 201, 177, 397, 653, 402, 403, 408, 411, 388, 47, 594, 435, 529, 442, 691, 27, 359, 448, 52, 301, 476, 589, 550, 67, 746, 490, 537, 339, 174, 479, 417, 576, 274, 787, 507, 509, 357, 514, 515, 120, 61, 522, 70, 135, 508, 532, 69, 46, 62, 247, 146, 536, 539, 428, 547, 344, 393, 556, 347, 16, 634, 19, 565, 284, 482, 13, 150, 246, 326, 566, 662, 636, 569, 197, 685, 242, 176, 501, 574, 256, 218, 77, 736, 590, 215, 718, 266, 535, 596, 598, 186, 270, 346, 250, 178, 168, 329, 672, 627, 211, 273, 492, 147, 356, 143, 612, 626, 227, 375, 108, 621, 316, 475, 199, 647, 222, 828, 0, 451, 720, 217, 693, 360, 483, 635, 405, 581, 765, 563, 91, 649, 650, 487, 656, 271, 664, 214, 667, 409, 613, 670, 433, 671, 399, 132, 638, 632, 231, 112, 567, 308, 157, 230, 688, 702, 161, 697, 698"
flaubert_large_uncased,25%,1024,256,"21, 6, 8, 249, 25, 119, 7, 49, 50, 422, 66, 299, 103, 34, 114, 116, 118, 545, 4, 558, 39, 287, 138, 14, 172, 666, 526, 187, 615, 141, 415, 235, 237, 205, 496, 216, 283, 100, 219, 317, 17, 421, 248, 444, 611, 51, 644, 540, 144, 319, 276, 158, 629, 525, 453, 142, 252, 583, 182, 121, 312, 678, 307, 334, 198, 278, 1, 502, 345, 348, 240, 352, 624, 488, 358, 538, 200, 398, 366, 669, 53, 380, 145, 383, 107, 125, 265, 201, 177, 397, 653, 402, 403, 408, 411, 388, 47, 594, 435, 529, 442, 691, 27, 359, 448, 52, 301, 476, 589, 550, 67, 746, 490, 537, 339, 174, 479, 417, 576, 274, 787, 507, 509, 357, 514, 515, 120, 61, 522, 70, 135, 508, 532, 69, 46, 62, 247, 146, 536, 539, 428, 547, 344, 393, 556, 347, 16, 634, 19, 565, 284, 482, 13, 150, 246, 326, 566, 662, 636, 569, 197, 685, 242, 176, 501, 574, 256, 218, 77, 736, 590, 215, 718, 266, 535, 596, 598, 186, 270, 346, 250, 178, 168, 329, 672, 627, 211, 273, 492, 147, 356, 143, 612, 626, 227, 375, 108, 621, 316, 475, 199, 647, 222, 828, 0, 451, 720, 217, 693, 360, 483, 635, 405, 581, 765, 563, 91, 649, 650, 487, 656, 271, 664, 214, 667, 409, 613, 670, 433, 671, 399, 132, 638, 632, 231, 112, 567, 308, 157, 230, 688, 702, 161, 697, 698, 585, 134, 741, 704, 814, 75, 660, 225, 263, 721, 254"
flaubert_large_uncased,26%,1024,266,"21, 6, 8, 249, 25, 119, 7, 49, 50, 422, 66, 299, 103, 34, 114, 116, 118, 545, 4, 558, 39, 287, 138, 14, 172, 666, 526, 187, 615, 141, 415, 235, 237, 205, 496, 216, 283, 100, 219, 317, 17, 421, 248, 444, 611, 51, 644, 540, 144, 319, 276, 158, 629, 525, 453, 142, 252, 583, 182, 121, 312, 678, 307, 334, 198, 278, 1, 502, 345, 348, 240, 352, 624, 488, 358, 538, 200, 398, 366, 669, 53, 380, 145, 383, 107, 125, 265, 201, 177, 397, 653, 402, 403, 408, 411, 388, 47, 594, 435, 529, 442, 691, 27, 359, 448, 52, 301, 476, 589, 550, 67, 746, 490, 537, 339, 174, 479, 417, 576, 274, 787, 507, 509, 357, 514, 515, 120, 61, 522, 70, 135, 508, 532, 69, 46, 62, 247, 146, 536, 539, 428, 547, 344, 393, 556, 347, 16, 634, 19, 565, 284, 482, 13, 150, 246, 326, 566, 662, 636, 569, 197, 685, 242, 176, 501, 574, 256, 218, 77, 736, 590, 215, 718, 266, 535, 596, 598, 186, 270, 346, 250, 178, 168, 329, 672, 627, 211, 273, 492, 147, 356, 143, 612, 626, 227, 375, 108, 621, 316, 475, 199, 647, 222, 828, 0, 451, 720, 217, 693, 360, 483, 635, 405, 581, 765, 563, 91, 649, 650, 487, 656, 271, 664, 214, 667, 409, 613, 670, 433, 671, 399, 132, 638, 632, 231, 112, 567, 308, 157, 230, 688, 702, 161, 697, 698, 585, 134, 741, 704, 814, 75, 660, 225, 263, 721, 254, 445, 725, 724, 600, 195, 363, 81, 727, 726, 257"
flaubert_large_uncased,50%,1024,512,"21, 6, 8, 249, 25, 119, 7, 49, 50, 422, 66, 299, 103, 34, 114, 116, 118, 545, 4, 558, 39, 287, 138, 14, 172, 666, 526, 187, 615, 141, 415, 235, 237, 205, 496, 216, 283, 100, 219, 317, 17, 421, 248, 444, 611, 51, 644, 540, 144, 319, 276, 158, 629, 525, 453, 142, 252, 583, 182, 121, 312, 678, 307, 334, 198, 278, 1, 502, 345, 348, 240, 352, 624, 488, 358, 538, 200, 398, 366, 669, 53, 380, 145, 383, 107, 125, 265, 201, 177, 397, 653, 402, 403, 408, 411, 388, 47, 594, 435, 529, 442, 691, 27, 359, 448, 52, 301, 476, 589, 550, 67, 746, 490, 537, 339, 174, 479, 417, 576, 274, 787, 507, 509, 357, 514, 515, 120, 61, 522, 70, 135, 508, 532, 69, 46, 62, 247, 146, 536, 539, 428, 547, 344, 393, 556, 347, 16, 634, 19, 565, 284, 482, 13, 150, 246, 326, 566, 662, 636, 569, 197, 685, 242, 176, 501, 574, 256, 218, 77, 736, 590, 215, 718, 266, 535, 596, 598, 186, 270, 346, 250, 178, 168, 329, 672, 627, 211, 273, 492, 147, 356, 143, 612, 626, 227, 375, 108, 621, 316, 475, 199, 647, 222, 828, 0, 451, 720, 217, 693, 360, 483, 635, 405, 581, 765, 563, 91, 649, 650, 487, 656, 271, 664, 214, 667, 409, 613, 670, 433, 671, 399, 132, 638, 632, 231, 112, 567, 308, 157, 230, 688, 702, 161, 697, 698, 585, 134, 741, 704, 814, 75, 660, 225, 263, 721, 254, 445, 725, 724, 600, 195, 363, 81, 727, 726, 257, 673, 728, 729, 732, 382, 771, 738, 497, 332, 719, 713, 41, 684, 610, 699, 88, 740, 389, 48, 115, 744, 220, 750, 190, 44, 251, 859, 564, 364, 137, 368, 461, 305, 462, 763, 318, 111, 766, 767, 29, 768, 769, 127, 775, 387, 351, 776, 321, 832, 646, 845, 781, 296, 730, 782, 785, 466, 192, 458, 796, 11, 799, 801, 757, 804, 806, 245, 381, 816, 625, 323, 183, 819, 820, 821, 392, 126, 113, 824, 423, 825, 341, 152, 827, 642, 361, 213, 164, 377, 831, 817, 322, 330, 354, 106, 300, 407, 553, 619, 60, 836, 493, 840, 843, 847, 180, 848, 418, 353, 687, 362, 110, 640, 261, 657, 679, 394, 852, 12, 655, 855, 185, 193, 856, 857, 10, 369, 858, 630, 555, 823, 123, 457, 189, 862, 288, 241, 865, 42, 434, 167, 117, 414, 170, 122, 294, 426, 871, 2, 385, 714, 95, 571, 513, 238, 637, 805, 873, 874, 441, 18, 133, 876, 830, 154, 491, 877, 639, 878, 605, 665, 376, 879, 706, 268, 277, 94, 747, 881, 292, 206, 882, 97, 846, 74, 429, 883, 20, 486, 707, 512, 884, 232, 209, 175, 65, 78, 794, 885, 578, 534, 320, 659, 784, 272, 26, 510, 753, 575, 412, 401, 886, 889, 890, 891, 280, 892, 223, 835, 761, 33, 623, 371, 893, 229, 155, 894, 281, 895, 109, 419, 758, 773, 851, 520, 710, 136, 267, 89, 559, 573, 425, 467, 374, 124, 772"
flaubert_large_uncased,75%,1024,768,"21, 6, 8, 249, 25, 119, 7, 49, 50, 422, 66, 299, 103, 34, 114, 116, 118, 545, 4, 558, 39, 287, 138, 14, 172, 666, 526, 187, 615, 141, 415, 235, 237, 205, 496, 216, 283, 100, 219, 317, 17, 421, 248, 444, 611, 51, 644, 540, 144, 319, 276, 158, 629, 525, 453, 142, 252, 583, 182, 121, 312, 678, 307, 334, 198, 278, 1, 502, 345, 348, 240, 352, 624, 488, 358, 538, 200, 398, 366, 669, 53, 380, 145, 383, 107, 125, 265, 201, 177, 397, 653, 402, 403, 408, 411, 388, 47, 594, 435, 529, 442, 691, 27, 359, 448, 52, 301, 476, 589, 550, 67, 746, 490, 537, 339, 174, 479, 417, 576, 274, 787, 507, 509, 357, 514, 515, 120, 61, 522, 70, 135, 508, 532, 69, 46, 62, 247, 146, 536, 539, 428, 547, 344, 393, 556, 347, 16, 634, 19, 565, 284, 482, 13, 150, 246, 326, 566, 662, 636, 569, 197, 685, 242, 176, 501, 574, 256, 218, 77, 736, 590, 215, 718, 266, 535, 596, 598, 186, 270, 346, 250, 178, 168, 329, 672, 627, 211, 273, 492, 147, 356, 143, 612, 626, 227, 375, 108, 621, 316, 475, 199, 647, 222, 828, 0, 451, 720, 217, 693, 360, 483, 635, 405, 581, 765, 563, 91, 649, 650, 487, 656, 271, 664, 214, 667, 409, 613, 670, 433, 671, 399, 132, 638, 632, 231, 112, 567, 308, 157, 230, 688, 702, 161, 697, 698, 585, 134, 741, 704, 814, 75, 660, 225, 263, 721, 254, 445, 725, 724, 600, 195, 363, 81, 727, 726, 257, 673, 728, 729, 732, 382, 771, 738, 497, 332, 719, 713, 41, 684, 610, 699, 88, 740, 389, 48, 115, 744, 220, 750, 190, 44, 251, 859, 564, 364, 137, 368, 461, 305, 462, 763, 318, 111, 766, 767, 29, 768, 769, 127, 775, 387, 351, 776, 321, 832, 646, 845, 781, 296, 730, 782, 785, 466, 192, 458, 796, 11, 799, 801, 757, 804, 806, 245, 381, 816, 625, 323, 183, 819, 820, 821, 392, 126, 113, 824, 423, 825, 341, 152, 827, 642, 361, 213, 164, 377, 831, 817, 322, 330, 354, 106, 300, 407, 553, 619, 60, 836, 493, 840, 843, 847, 180, 848, 418, 353, 687, 362, 110, 640, 261, 657, 679, 394, 852, 12, 655, 855, 185, 193, 856, 857, 10, 369, 858, 630, 555, 823, 123, 457, 189, 862, 288, 241, 865, 42, 434, 167, 117, 414, 170, 122, 294, 426, 871, 2, 385, 714, 95, 571, 513, 238, 637, 805, 873, 874, 441, 18, 133, 876, 830, 154, 491, 877, 639, 878, 605, 665, 376, 879, 706, 268, 277, 94, 747, 881, 292, 206, 882, 97, 846, 74, 429, 883, 20, 486, 707, 512, 884, 232, 209, 175, 65, 78, 794, 885, 578, 534, 320, 659, 784, 272, 26, 510, 753, 575, 412, 401, 886, 889, 890, 891, 280, 892, 223, 835, 761, 33, 623, 371, 893, 229, 155, 894, 281, 895, 109, 419, 758, 773, 851, 520, 710, 136, 267, 89, 559, 573, 425, 467, 374, 124, 772, 140, 898, 899, 614, 194, 900, 470, 703, 335, 370, 652, 837, 715, 472, 455, 338, 378, 416, 901, 101, 902, 350, 498, 45, 314, 903, 683, 57, 803, 904, 905, 244, 548, 269, 552, 86, 906, 907, 15, 518, 908, 327, 731, 810, 395, 541, 602, 516, 677, 264, 367, 523, 909, 802, 76, 910, 468, 911, 912, 705, 436, 587, 477, 519, 913, 914, 694, 31, 471, 839, 915, 463, 829, 303, 431, 315, 430, 239, 551, 56, 480, 386, 188, 63, 755, 163, 298, 663, 36, 481, 916, 139, 554, 917, 478, 918, 919, 920, 921, 834, 443, 391, 85, 807, 762, 54, 922, 169, 708, 452, 923, 521, 597, 924, 925, 171, 641, 786, 43, 926, 601, 224, 797, 105, 432, 927, 618, 450, 72, 863, 233, 309, 593, 928, 929, 930, 931, 734, 932, 253, 696, 71, 648, 212, 690, 933, 297, 349, 9, 674, 577, 460, 800, 887, 934, 935, 936, 770, 582, 459, 937, 880, 739, 162, 446, 938, 608, 939, 940, 210, 286, 701, 262, 420, 40, 751, 651, 424, 631, 494, 833, 324, 64, 37, 291, 23, 530, 153, 789, 489, 941, 3, 595, 709, 686, 528, 328, 777, 59, 760, 533, 130, 584, 942, 943, 812, 304, 506, 191, 604, 562, 221, 616, 588, 944, 295, 202, 464, 945, 572, 946, 340, 592, 151, 791, 680, 275, 236, 379, 809, 129, 404, 947, 22, 331, 203, 948, 949, 950, 951, 580, 793, 952, 633, 485, 454, 844, 689, 259, 58, 953, 173, 606, 778, 954, 390"
flaubert_small_cased,1%,512,5,"23, 61, 10, 99, 54, 7, 30, 71, 15, 53"
flaubert_small_cased,2%,512,10,"23, 61, 10, 99, 54, 7, 30, 71, 15, 53, 41, 59, 87, 18, 156, 128, 51, 73, 206, 313"
flaubert_small_cased,4%,512,20,"23, 61, 10, 99, 54, 7, 30, 71, 15, 53, 41, 59, 87, 18, 156, 128, 51, 73, 206, 313, 42, 213, 148, 161, 74, 35, 163, 264, 4, 256, 343, 230, 227, 202, 48, 40, 77, 169, 149, 171"
flaubert_small_cased,5%,512,25,"23, 61, 10, 99, 54, 7, 30, 71, 15, 53, 41, 59, 87, 18, 156, 128, 51, 73, 206, 313, 42, 213, 148, 161, 74, 35, 163, 264, 4, 256, 343, 230, 227, 202, 48, 40, 77, 169, 149, 171, 13, 157, 85, 217, 321, 474, 305, 265, 456, 372, 155"
flaubert_small_cased,6%,512,30,"23, 61, 10, 99, 54, 7, 30, 71, 15, 53, 41, 59, 87, 18, 156, 128, 51, 73, 206, 313, 42, 213, 148, 161, 74, 35, 163, 264, 4, 256, 343, 230, 227, 202, 48, 40, 77, 169, 149, 171, 13, 157, 85, 217, 321, 474, 305, 265, 456, 372, 155, 190, 183, 107, 133, 135, 67, 395, 117, 204, 55"
flaubert_small_cased,8%,512,40,"23, 61, 10, 99, 54, 7, 30, 71, 15, 53, 41, 59, 87, 18, 156, 128, 51, 73, 206, 313, 42, 213, 148, 161, 74, 35, 163, 264, 4, 256, 343, 230, 227, 202, 48, 40, 77, 169, 149, 171, 13, 157, 85, 217, 321, 474, 305, 265, 456, 372, 155, 190, 183, 107, 133, 135, 67, 395, 117, 204, 55, 165, 579, 43, 332, 214, 28, 37, 263, 347, 242, 568, 24, 151, 237, 124, 239, 325, 65, 301, 244"
flaubert_small_cased,10%,512,51,"23, 61, 10, 99, 54, 7, 30, 71, 15, 53, 41, 59, 87, 18, 156, 128, 51, 73, 206, 313, 42, 213, 148, 161, 74, 35, 163, 264, 4, 256, 343, 230, 227, 202, 48, 40, 77, 169, 149, 171, 13, 157, 85, 217, 321, 474, 305, 265, 456, 372, 155, 190, 183, 107, 133, 135, 67, 395, 117, 204, 55, 165, 579, 43, 332, 214, 28, 37, 263, 347, 242, 568, 24, 151, 237, 124, 239, 325, 65, 301, 244, 196, 159, 561, 451, 104, 293, 86, 123, 300, 36, 182, 586, 521, 493, 504, 174, 76, 119, 376, 132, 409"
flaubert_small_cased,12%,512,61,"23, 61, 10, 99, 54, 7, 30, 71, 15, 53, 41, 59, 87, 18, 156, 128, 51, 73, 206, 313, 42, 213, 148, 161, 74, 35, 163, 264, 4, 256, 343, 230, 227, 202, 48, 40, 77, 169, 149, 171, 13, 157, 85, 217, 321, 474, 305, 265, 456, 372, 155, 190, 183, 107, 133, 135, 67, 395, 117, 204, 55, 165, 579, 43, 332, 214, 28, 37, 263, 347, 242, 568, 24, 151, 237, 124, 239, 325, 65, 301, 244, 196, 159, 561, 451, 104, 293, 86, 123, 300, 36, 182, 586, 521, 493, 504, 174, 76, 119, 376, 132, 409, 531, 319, 330, 295, 91, 109, 95, 29, 176, 282, 577, 570, 127, 88, 542, 137, 440, 299, 677, 523"
flaubert_small_cased,14%,512,71,"23, 61, 10, 99, 54, 7, 30, 71, 15, 53, 41, 59, 87, 18, 156, 128, 51, 73, 206, 313, 42, 213, 148, 161, 74, 35, 163, 264, 4, 256, 343, 230, 227, 202, 48, 40, 77, 169, 149, 171, 13, 157, 85, 217, 321, 474, 305, 265, 456, 372, 155, 190, 183, 107, 133, 135, 67, 395, 117, 204, 55, 165, 579, 43, 332, 214, 28, 37, 263, 347, 242, 568, 24, 151, 237, 124, 239, 325, 65, 301, 244, 196, 159, 561, 451, 104, 293, 86, 123, 300, 36, 182, 586, 521, 493, 504, 174, 76, 119, 376, 132, 409, 531, 319, 330, 295, 91, 109, 95, 29, 176, 282, 577, 570, 127, 88, 542, 137, 440, 299, 677, 523, 329, 179, 419, 63, 126, 209, 288, 338, 642, 45, 75, 27, 258, 269, 177, 399, 307, 414, 193, 152, 292"
flaubert_small_cased,16%,512,81,"23, 61, 10, 99, 54, 7, 30, 71, 15, 53, 41, 59, 87, 18, 156, 128, 51, 73, 206, 313, 42, 213, 148, 161, 74, 35, 163, 264, 4, 256, 343, 230, 227, 202, 48, 40, 77, 169, 149, 171, 13, 157, 85, 217, 321, 474, 305, 265, 456, 372, 155, 190, 183, 107, 133, 135, 67, 395, 117, 204, 55, 165, 579, 43, 332, 214, 28, 37, 263, 347, 242, 568, 24, 151, 237, 124, 239, 325, 65, 301, 244, 196, 159, 561, 451, 104, 293, 86, 123, 300, 36, 182, 586, 521, 493, 504, 174, 76, 119, 376, 132, 409, 531, 319, 330, 295, 91, 109, 95, 29, 176, 282, 577, 570, 127, 88, 542, 137, 440, 299, 677, 523, 329, 179, 419, 63, 126, 209, 288, 338, 642, 45, 75, 27, 258, 269, 177, 399, 307, 414, 193, 152, 292, 341, 350, 446, 277, 452, 632, 491, 433, 578, 400, 694, 208, 431, 513, 466, 595, 564, 497, 355, 195"
flaubert_small_cased,18%,512,92,"23, 61, 10, 99, 54, 7, 30, 71, 15, 53, 41, 59, 87, 18, 156, 128, 51, 73, 206, 313, 42, 213, 148, 161, 74, 35, 163, 264, 4, 256, 343, 230, 227, 202, 48, 40, 77, 169, 149, 171, 13, 157, 85, 217, 321, 474, 305, 265, 456, 372, 155, 190, 183, 107, 133, 135, 67, 395, 117, 204, 55, 165, 579, 43, 332, 214, 28, 37, 263, 347, 242, 568, 24, 151, 237, 124, 239, 325, 65, 301, 244, 196, 159, 561, 451, 104, 293, 86, 123, 300, 36, 182, 586, 521, 493, 504, 174, 76, 119, 376, 132, 409, 531, 319, 330, 295, 91, 109, 95, 29, 176, 282, 577, 570, 127, 88, 542, 137, 440, 299, 677, 523, 329, 179, 419, 63, 126, 209, 288, 338, 642, 45, 75, 27, 258, 269, 177, 399, 307, 414, 193, 152, 292, 341, 350, 446, 277, 452, 632, 491, 433, 578, 400, 694, 208, 431, 513, 466, 595, 564, 497, 355, 195, 201, 129, 464, 357, 105, 477, 110, 759, 544, 404, 221, 166, 211, 311, 610, 481, 633, 222, 97, 235, 173"
flaubert_small_cased,20%,512,102,"23, 61, 10, 99, 54, 7, 30, 71, 15, 53, 41, 59, 87, 18, 156, 128, 51, 73, 206, 313, 42, 213, 148, 161, 74, 35, 163, 264, 4, 256, 343, 230, 227, 202, 48, 40, 77, 169, 149, 171, 13, 157, 85, 217, 321, 474, 305, 265, 456, 372, 155, 190, 183, 107, 133, 135, 67, 395, 117, 204, 55, 165, 579, 43, 332, 214, 28, 37, 263, 347, 242, 568, 24, 151, 237, 124, 239, 325, 65, 301, 244, 196, 159, 561, 451, 104, 293, 86, 123, 300, 36, 182, 586, 521, 493, 504, 174, 76, 119, 376, 132, 409, 531, 319, 330, 295, 91, 109, 95, 29, 176, 282, 577, 570, 127, 88, 542, 137, 440, 299, 677, 523, 329, 179, 419, 63, 126, 209, 288, 338, 642, 45, 75, 27, 258, 269, 177, 399, 307, 414, 193, 152, 292, 341, 350, 446, 277, 452, 632, 491, 433, 578, 400, 694, 208, 431, 513, 466, 595, 564, 497, 355, 195, 201, 129, 464, 357, 105, 477, 110, 759, 544, 404, 221, 166, 211, 311, 610, 481, 633, 222, 97, 235, 173, 639, 774, 443, 701, 429, 131, 144, 549, 716, 384, 546, 647, 260, 478, 482, 582, 554, 220, 320, 605"
flaubert_small_cased,22%,512,112,"23, 61, 10, 99, 54, 7, 30, 71, 15, 53, 41, 59, 87, 18, 156, 128, 51, 73, 206, 313, 42, 213, 148, 161, 74, 35, 163, 264, 4, 256, 343, 230, 227, 202, 48, 40, 77, 169, 149, 171, 13, 157, 85, 217, 321, 474, 305, 265, 456, 372, 155, 190, 183, 107, 133, 135, 67, 395, 117, 204, 55, 165, 579, 43, 332, 214, 28, 37, 263, 347, 242, 568, 24, 151, 237, 124, 239, 325, 65, 301, 244, 196, 159, 561, 451, 104, 293, 86, 123, 300, 36, 182, 586, 521, 493, 504, 174, 76, 119, 376, 132, 409, 531, 319, 330, 295, 91, 109, 95, 29, 176, 282, 577, 570, 127, 88, 542, 137, 440, 299, 677, 523, 329, 179, 419, 63, 126, 209, 288, 338, 642, 45, 75, 27, 258, 269, 177, 399, 307, 414, 193, 152, 292, 341, 350, 446, 277, 452, 632, 491, 433, 578, 400, 694, 208, 431, 513, 466, 595, 564, 497, 355, 195, 201, 129, 464, 357, 105, 477, 110, 759, 544, 404, 221, 166, 211, 311, 610, 481, 633, 222, 97, 235, 173, 639, 774, 443, 701, 429, 131, 144, 549, 716, 384, 546, 647, 260, 478, 482, 582, 554, 220, 320, 605, 225, 476, 410, 651, 600, 289, 652, 752, 658, 517, 389, 437, 753, 253, 690, 38, 739, 52, 354, 603, 415"
flaubert_small_cased,24%,512,122,"23, 61, 10, 99, 54, 7, 30, 71, 15, 53, 41, 59, 87, 18, 156, 128, 51, 73, 206, 313, 42, 213, 148, 161, 74, 35, 163, 264, 4, 256, 343, 230, 227, 202, 48, 40, 77, 169, 149, 171, 13, 157, 85, 217, 321, 474, 305, 265, 456, 372, 155, 190, 183, 107, 133, 135, 67, 395, 117, 204, 55, 165, 579, 43, 332, 214, 28, 37, 263, 347, 242, 568, 24, 151, 237, 124, 239, 325, 65, 301, 244, 196, 159, 561, 451, 104, 293, 86, 123, 300, 36, 182, 586, 521, 493, 504, 174, 76, 119, 376, 132, 409, 531, 319, 330, 295, 91, 109, 95, 29, 176, 282, 577, 570, 127, 88, 542, 137, 440, 299, 677, 523, 329, 179, 419, 63, 126, 209, 288, 338, 642, 45, 75, 27, 258, 269, 177, 399, 307, 414, 193, 152, 292, 341, 350, 446, 277, 452, 632, 491, 433, 578, 400, 694, 208, 431, 513, 466, 595, 564, 497, 355, 195, 201, 129, 464, 357, 105, 477, 110, 759, 544, 404, 221, 166, 211, 311, 610, 481, 633, 222, 97, 235, 173, 639, 774, 443, 701, 429, 131, 144, 549, 716, 384, 546, 647, 260, 478, 482, 582, 554, 220, 320, 605, 225, 476, 410, 651, 600, 289, 652, 752, 658, 517, 389, 437, 753, 253, 690, 38, 739, 52, 354, 603, 415, 387, 405, 631, 120, 167, 528, 680, 108, 147, 618, 760, 241, 717, 200, 638, 154, 337, 111, 236, 273"
flaubert_small_cased,25%,512,128,"23, 61, 10, 99, 54, 7, 30, 71, 15, 53, 41, 59, 87, 18, 156, 128, 51, 73, 206, 313, 42, 213, 148, 161, 74, 35, 163, 264, 4, 256, 343, 230, 227, 202, 48, 40, 77, 169, 149, 171, 13, 157, 85, 217, 321, 474, 305, 265, 456, 372, 155, 190, 183, 107, 133, 135, 67, 395, 117, 204, 55, 165, 579, 43, 332, 214, 28, 37, 263, 347, 242, 568, 24, 151, 237, 124, 239, 325, 65, 301, 244, 196, 159, 561, 451, 104, 293, 86, 123, 300, 36, 182, 586, 521, 493, 504, 174, 76, 119, 376, 132, 409, 531, 319, 330, 295, 91, 109, 95, 29, 176, 282, 577, 570, 127, 88, 542, 137, 440, 299, 677, 523, 329, 179, 419, 63, 126, 209, 288, 338, 642, 45, 75, 27, 258, 269, 177, 399, 307, 414, 193, 152, 292, 341, 350, 446, 277, 452, 632, 491, 433, 578, 400, 694, 208, 431, 513, 466, 595, 564, 497, 355, 195, 201, 129, 464, 357, 105, 477, 110, 759, 544, 404, 221, 166, 211, 311, 610, 481, 633, 222, 97, 235, 173, 639, 774, 443, 701, 429, 131, 144, 549, 716, 384, 546, 647, 260, 478, 482, 582, 554, 220, 320, 605, 225, 476, 410, 651, 600, 289, 652, 752, 658, 517, 389, 437, 753, 253, 690, 38, 739, 52, 354, 603, 415, 387, 405, 631, 120, 167, 528, 680, 108, 147, 618, 760, 241, 717, 200, 638, 154, 337, 111, 236, 273, 184, 567, 503, 364, 705, 461, 506, 328, 398, 797, 394"
flaubert_small_cased,26%,512,133,"23, 61, 10, 99, 54, 7, 30, 71, 15, 53, 41, 59, 87, 18, 156, 128, 51, 73, 206, 313, 42, 213, 148, 161, 74, 35, 163, 264, 4, 256, 343, 230, 227, 202, 48, 40, 77, 169, 149, 171, 13, 157, 85, 217, 321, 474, 305, 265, 456, 372, 155, 190, 183, 107, 133, 135, 67, 395, 117, 204, 55, 165, 579, 43, 332, 214, 28, 37, 263, 347, 242, 568, 24, 151, 237, 124, 239, 325, 65, 301, 244, 196, 159, 561, 451, 104, 293, 86, 123, 300, 36, 182, 586, 521, 493, 504, 174, 76, 119, 376, 132, 409, 531, 319, 330, 295, 91, 109, 95, 29, 176, 282, 577, 570, 127, 88, 542, 137, 440, 299, 677, 523, 329, 179, 419, 63, 126, 209, 288, 338, 642, 45, 75, 27, 258, 269, 177, 399, 307, 414, 193, 152, 292, 341, 350, 446, 277, 452, 632, 491, 433, 578, 400, 694, 208, 431, 513, 466, 595, 564, 497, 355, 195, 201, 129, 464, 357, 105, 477, 110, 759, 544, 404, 221, 166, 211, 311, 610, 481, 633, 222, 97, 235, 173, 639, 774, 443, 701, 429, 131, 144, 549, 716, 384, 546, 647, 260, 478, 482, 582, 554, 220, 320, 605, 225, 476, 410, 651, 600, 289, 652, 752, 658, 517, 389, 437, 753, 253, 690, 38, 739, 52, 354, 603, 415, 387, 405, 631, 120, 167, 528, 680, 108, 147, 618, 760, 241, 717, 200, 638, 154, 337, 111, 236, 273, 184, 567, 503, 364, 705, 461, 506, 328, 398, 797, 394, 60, 634, 580, 617, 268, 69, 467, 684, 189, 143"
flaubert_small_cased,50%,512,256,"23, 61, 10, 99, 54, 7, 30, 71, 15, 53, 41, 59, 87, 18, 156, 128, 51, 73, 206, 313, 42, 213, 148, 161, 74, 35, 163, 264, 4, 256, 343, 230, 227, 202, 48, 40, 77, 169, 149, 171, 13, 157, 85, 217, 321, 474, 305, 265, 456, 372, 155, 190, 183, 107, 133, 135, 67, 395, 117, 204, 55, 165, 579, 43, 332, 214, 28, 37, 263, 347, 242, 568, 24, 151, 237, 124, 239, 325, 65, 301, 244, 196, 159, 561, 451, 104, 293, 86, 123, 300, 36, 182, 586, 521, 493, 504, 174, 76, 119, 376, 132, 409, 531, 319, 330, 295, 91, 109, 95, 29, 176, 282, 577, 570, 127, 88, 542, 137, 440, 299, 677, 523, 329, 179, 419, 63, 126, 209, 288, 338, 642, 45, 75, 27, 258, 269, 177, 399, 307, 414, 193, 152, 292, 341, 350, 446, 277, 452, 632, 491, 433, 578, 400, 694, 208, 431, 513, 466, 595, 564, 497, 355, 195, 201, 129, 464, 357, 105, 477, 110, 759, 544, 404, 221, 166, 211, 311, 610, 481, 633, 222, 97, 235, 173, 639, 774, 443, 701, 429, 131, 144, 549, 716, 384, 546, 647, 260, 478, 482, 582, 554, 220, 320, 605, 225, 476, 410, 651, 600, 289, 652, 752, 658, 517, 389, 437, 753, 253, 690, 38, 739, 52, 354, 603, 415, 387, 405, 631, 120, 167, 528, 680, 108, 147, 618, 760, 241, 717, 200, 638, 154, 337, 111, 236, 273, 184, 567, 503, 364, 705, 461, 506, 328, 398, 797, 394, 60, 634, 580, 617, 268, 69, 467, 684, 189, 143, 438, 106, 655, 371, 365, 153, 540, 749, 545, 808, 508, 674, 815, 588, 287, 685, 738, 457, 417, 472, 779, 747, 599, 279, 386, 207, 21, 473, 81, 786, 79, 661, 317, 401, 145, 829, 160, 518, 737, 210, 714, 730, 468, 541, 795, 175, 615, 302, 297, 715, 822, 654, 708, 585, 412, 228, 543, 374, 270, 627, 316, 812, 691, 218, 537, 359, 393, 458, 520, 584, 826, 773, 455, 259, 757, 434, 475, 212, 720, 751, 712, 792, 640, 525, 396, 423, 501, 275, 589, 611, 296, 426, 101, 668, 285, 761, 363, 388, 510, 676, 828, 142, 834, 331, 223, 406, 594, 381, 743, 102, 809, 346, 622, 499, 765, 26, 460, 121, 425, 863, 527, 644, 777, 392, 432, 250, 802, 304, 286, 283, 168, 637, 867, 745, 861, 626, 810, 719, 495, 488, 660, 291, 113, 607, 327, 896, 385, 318, 261, 505, 530, 659, 807, 502, 689, 31, 581, 181, 772, 678, 800, 833, 841, 630, 294, 718, 850, 748, 335, 356, 853, 378, 832, 849, 817, 529, 713, 666, 47, 377, 469, 306, 164, 709, 710, 880, 170, 813, 427, 814, 789, 629, 140, 463, 787, 643, 887, 421, 512, 315, 746, 830, 672, 839, 860, 56, 764, 14, 471, 742, 645, 519, 842, 693, 340, 550, 439, 854, 788, 552, 744, 98, 859, 846, 524, 620, 669, 560, 191, 636, 675, 868, 888, 257, 526, 498, 653, 758, 192, 298, 699, 444, 619, 215, 886, 112"
flaubert_small_cased,75%,512,384,"23, 61, 10, 99, 54, 7, 30, 71, 15, 53, 41, 59, 87, 18, 156, 128, 51, 73, 206, 313, 42, 213, 148, 161, 74, 35, 163, 264, 4, 256, 343, 230, 227, 202, 48, 40, 77, 169, 149, 171, 13, 157, 85, 217, 321, 474, 305, 265, 456, 372, 155, 190, 183, 107, 133, 135, 67, 395, 117, 204, 55, 165, 579, 43, 332, 214, 28, 37, 263, 347, 242, 568, 24, 151, 237, 124, 239, 325, 65, 301, 244, 196, 159, 561, 451, 104, 293, 86, 123, 300, 36, 182, 586, 521, 493, 504, 174, 76, 119, 376, 132, 409, 531, 319, 330, 295, 91, 109, 95, 29, 176, 282, 577, 570, 127, 88, 542, 137, 440, 299, 677, 523, 329, 179, 419, 63, 126, 209, 288, 338, 642, 45, 75, 27, 258, 269, 177, 399, 307, 414, 193, 152, 292, 341, 350, 446, 277, 452, 632, 491, 433, 578, 400, 694, 208, 431, 513, 466, 595, 564, 497, 355, 195, 201, 129, 464, 357, 105, 477, 110, 759, 544, 404, 221, 166, 211, 311, 610, 481, 633, 222, 97, 235, 173, 639, 774, 443, 701, 429, 131, 144, 549, 716, 384, 546, 647, 260, 478, 482, 582, 554, 220, 320, 605, 225, 476, 410, 651, 600, 289, 652, 752, 658, 517, 389, 437, 753, 253, 690, 38, 739, 52, 354, 603, 415, 387, 405, 631, 120, 167, 528, 680, 108, 147, 618, 760, 241, 717, 200, 638, 154, 337, 111, 236, 273, 184, 567, 503, 364, 705, 461, 506, 328, 398, 797, 394, 60, 634, 580, 617, 268, 69, 467, 684, 189, 143, 438, 106, 655, 371, 365, 153, 540, 749, 545, 808, 508, 674, 815, 588, 287, 685, 738, 457, 417, 472, 779, 747, 599, 279, 386, 207, 21, 473, 81, 786, 79, 661, 317, 401, 145, 829, 160, 518, 737, 210, 714, 730, 468, 541, 795, 175, 615, 302, 297, 715, 822, 654, 708, 585, 412, 228, 543, 374, 270, 627, 316, 812, 691, 218, 537, 359, 393, 458, 520, 584, 826, 773, 455, 259, 757, 434, 475, 212, 720, 751, 712, 792, 640, 525, 396, 423, 501, 275, 589, 611, 296, 426, 101, 668, 285, 761, 363, 388, 510, 676, 828, 142, 834, 331, 223, 406, 594, 381, 743, 102, 809, 346, 622, 499, 765, 26, 460, 121, 425, 863, 527, 644, 777, 392, 432, 250, 802, 304, 286, 283, 168, 637, 867, 745, 861, 626, 810, 719, 495, 488, 660, 291, 113, 607, 327, 896, 385, 318, 261, 505, 530, 659, 807, 502, 689, 31, 581, 181, 772, 678, 800, 833, 841, 630, 294, 718, 850, 748, 335, 356, 853, 378, 832, 849, 817, 529, 713, 666, 47, 377, 469, 306, 164, 709, 710, 880, 170, 813, 427, 814, 789, 629, 140, 463, 787, 643, 887, 421, 512, 315, 746, 830, 672, 839, 860, 56, 764, 14, 471, 742, 645, 519, 842, 693, 340, 550, 439, 854, 788, 552, 744, 98, 859, 846, 524, 620, 669, 560, 191, 636, 675, 868, 888, 257, 526, 498, 653, 758, 192, 298, 699, 444, 619, 215, 886, 112, 0, 1, 2, 3, 5, 6, 8, 9, 11, 12, 16, 17, 19, 20, 22, 25, 32, 33, 34, 39, 44, 46, 49, 50, 57, 58, 62, 64, 66, 68, 70, 72, 78, 80, 82, 83, 84, 89, 90, 92, 93, 94, 96, 100, 103, 114, 115, 116, 118, 122, 125, 130, 134, 136, 138, 139, 141, 146, 150, 158, 162, 172, 178, 180, 185, 186, 187, 188, 194, 197, 198, 199, 203, 205, 216, 219, 224, 226, 229, 231, 232, 233, 234, 238, 240, 243, 245, 246, 247, 248, 249, 251, 252, 254, 255, 262, 266, 267, 271, 272, 274, 276, 278, 280, 281, 284, 290, 303, 308, 309, 310, 312, 314, 322, 323, 324, 326, 333, 334, 336, 339, 342, 344, 345, 348, 349, 351, 352, 353, 358, 360, 361, 362, 366, 367, 368, 369, 370, 373, 375, 379, 380, 382, 383, 390, 391, 397, 402, 403, 407, 408, 411, 413, 416, 418, 420, 422, 424, 428, 430, 435, 436, 441, 442, 445, 447, 448, 449, 450, 453, 454, 459, 462, 465, 470, 479, 480, 483, 484, 485, 486, 487, 489, 490, 492, 494, 496, 500, 507, 509, 511, 514, 515, 516, 522, 532, 533, 534, 535, 536, 538, 539, 547, 548, 551, 553, 555, 556, 557, 558, 559, 562, 563, 565, 566, 569, 571, 572, 573, 574, 575, 576, 583, 587, 590, 591, 592, 593, 596, 597, 598, 601, 602, 604, 606, 608, 609, 612, 613, 614, 616, 621, 623, 624, 625, 628, 635, 641, 646, 648, 649, 650, 656, 657, 662, 663"
